Year,Quarter,District Code,District,Front End Detection System (FEDS) Cases Referred,FEDS Total Investigated,FEDS Cases Denied/Grant Reduced,FEDS Cases No Impact,FEDS Cases No Errors,Intentional Program Violation (IPV) Positive Investigations,Total IPVs,Prison Total Matches,Prison Closed Prior Resolved ,Prison Closed Resolved,Prison Exonerated Resolved,Prison Unresolved,Public Assistance Reporting Information System (PARIS) Total Matches,PARIS Closed Prior Resolved,PARIS Closed Resolved,PARIS Exonerated Resolved,PARIS Unresolved
2013,1,01,Albany,1%,33,61%,0%,39%,17,24%,65,0%,75%,25%,0%,215,9%,30%,60%,0%
2013,1,02,Allegany,5%,42,7%,5%,88%,23,26%,13,8%,23%,69%,0%,61,3%,3%,93%,0%
2013,1,03,Broome,22%,525,12%,5%,83%,0,0%,18,6%,61%,33%,0%,307,3%,7%,90%,0%
2013,1,04,Cattaraugus,16%,196,62%,0%,38%,16,100%,22,43%,36%,21%,36%,65,15%,6%,79%,5%
2013,1,05,Cayuga,51%,240,19%,5%,76%,82,27%,33,6%,48%,45%,0%,62,3%,10%,87%,0%
2013,1,06,Chautauqua,20%,397,60%,2%,38%,20,20%,36,3%,58%,39%,0%,690,3%,11%,86%,23%
2013,1,07,Chemung,26%,145,54%,0%,46%,11,82%,39,10%,64%,26%,0%,193,10%,7%,83%,0%
2013,1,08,Chenango,13%,122,29%,0%,71%,4,0%,31,0%,29%,71%,0%,49,0%,4%,96%,0%
2013,1,09,Clinton,4%,27,44%,26%,30%,1,0%,19,5%,53%,42%,0%,82,0%,24%,76%,0%
2013,1,10,Columbia,1%,10,30%,10%,60%,0,0%,1,0%,0%,100%,0%,42,5%,21%,74%,0%
2013,1,11,Cortland,24%,99,10%,4%,86%,1,0%,7,0%,43%,57%,0%,58,5%,5%,90%,0%
2013,1,12,Delaware,19%,79,100%,0%,0%,0,0%,4,25%,25%,50%,0%,69,1%,0%,99%,0%
2013,1,13,Dutchess,20%,426,75%,0%,25%,28,18%,48,8%,54%,38%,0%,140,8%,18%,74%,0%
2013,1,14,Erie,16%,736,34%,20%,46%,85,81%,229,0%,67%,32%,1%,1020,1%,36%,63%,3%
2013,1,15,Essex,5%,29,83%,0%,17%,8,13%,7,0%,43%,57%,0%,19,5%,11%,84%,0%
2013,1,16,Franklin,1%,4,25%,0%,75%,11,27%,3,33%,33%,33%,0%,39,0%,10%,90%,0%
2013,1,17,Fulton,5%,47,17%,0%,83%,37,22%,22,27%,41%,32%,0%,70,10%,0%,90%,0%
2013,1,18,Genesee,9%,66,33%,12%,55%,30,3%,7,0%,86%,14%,0%,26,0%,0%,100%,0%
2013,1,19,Greene,19%,172,25%,2%,73%,3,100%,6,33%,50%,17%,0%,51,0%,12%,88%,0%
2013,1,20,Hamilton,0%,0,0%,0%,0%,0,0%,0,0%,0%,0%,0%,4,0%,0%,100%,0%
2013,1,21,Herkimer,4%,14,14%,0%,86%,0,0%,14,7%,64%,29%,0%,53,6%,19%,75%,0%
2013,1,22,Jefferson,15%,167,74%,2%,24%,60,17%,15,0%,73%,27%,0%,131,3%,14%,83%,0%
2013,1,23,Lewis,10%,14,0%,0%,100%,18,6%,3,33%,67%,0%,0%,11,0%,0%,100%,0%
2013,1,24,Livingston,0%,1,0%,0%,100%,8,0%,38,0%,34%,66%,0%,72,0%,3%,97%,0%
2013,1,25,Madison,13%,30,47%,0%,53%,0,0%,29,14%,52%,34%,0%,54,6%,15%,80%,0%
2013,1,26,Monroe,6%,468,32%,0%,68%,0,0%,170,1%,92%,7%,0%,935,10%,20%,70%,0%
2013,1,27,Montgomery,16%,186,42%,0%,58%,163,0%,16,6%,19%,75%,0%,96,2%,17%,81%,0%
2013,1,28,Nassau,2%,42,26%,0%,74%,0,0%,64,3%,70%,27%,0%,518,8%,6%,87%,0%
2013,1,29,Niagara,9%,276,19%,1%,80%,74,15%,50,8%,62%,30%,0%,225,8%,12%,80%,0%
2013,1,66,New York City,30%,31801,76%,0%,24%,3309,2%,899,2%,84%,9%,9%,2863,21%,48%,31%,4%
2013,1,30,Oneida,3%,158,16%,0%,84%,99,16%,143,6%,41%,52%,0%,315,6%,13%,81%,0%
2013,1,31,Onondaga,1%,49,29%,10%,61%,268,43%,232,4%,71%,25%,0%,578,3%,21%,76%,0%
2013,1,32,Ontario,9%,238,14%,1%,85%,16,6%,10,10%,30%,60%,0%,77,1%,3%,96%,0%
2013,1,33,Orange,8%,432,30%,16%,54%,55,15%,44,25%,50%,25%,0%,250,22%,12%,65%,0%
2013,1,34,Orleans,20%,60,60%,0%,40%,14,50%,10,0%,80%,20%,0%,25,4%,40%,56%,0%
2013,1,35,Oswego,3%,35,23%,0%,77%,30,47%,64,2%,48%,50%,0%,130,1%,6%,93%,0%
2013,1,36,Otsego,2%,10,20%,0%,80%,4,75%,2,0%,0%,100%,0%,29,3%,0%,97%,0%
2013,1,37,Putnam,0%,0,0%,0%,0%,0,0%,6,0%,100%,0%,0%,21,0%,43%,57%,0%
2013,1,38,Rensselaer,11%,154,6%,0%,94%,0,0%,8,13%,63%,25%,0%,156,10%,17%,73%,0%
2013,1,39,Rockland,1%,19,16%,0%,84%,0,0%,35,0%,46%,54%,0%,156,15%,10%,75%,3%
2013,1,41,Saratoga,5%,128,70%,1%,29%,25,32%,14,7%,64%,29%,0%,114,5%,7%,88%,0%
2013,1,42,Schenectady,14%,409,42%,7%,51%,0,0%,68,18%,62%,21%,0%,246,8%,20%,72%,0%
2013,1,43,Schoharie,3%,17,47%,0%,53%,4,0%,6,0%,17%,83%,0%,38,3%,3%,95%,0%
2013,1,44,Schuyler,20%,14,14%,0%,86%,0,0%,1,0%,100%,0%,0%,21,0%,5%,95%,5%
2013,1,45,Seneca,1%,11,9%,18%,73%,52,0%,8,25%,50%,25%,0%,39,15%,3%,82%,0%
2013,1,40,St. Lawrence,1%,38,21%,13%,66%,105,39%,15,20%,47%,33%,0%,84,0%,5%,95%,0%
2013,1,46,Steuben,21%,168,23%,5%,72%,142,8%,18,17%,50%,33%,0%,133,7%,11%,82%,0%
2013,1,47,Suffolk,5%,543,33%,6%,61%,14,71%,367,1%,43%,56%,0%,1108,8%,31%,61%,0%
2013,1,48,Sullivan,21%,434,83%,17%,0%,734,0%,8,25%,63%,13%,0%,108,7%,8%,84%,0%
2013,1,49,Tioga,14%,98,57%,0%,43%,5,0%,2,0%,50%,50%,0%,82,6%,4%,90%,0%
2013,1,50,Tompkins,6%,85,62%,0%,38%,0,0%,31,3%,35%,61%,0%,82,1%,7%,91%,0%
2013,1,51,Ulster,2%,57,60%,0%,40%,31,19%,57,7%,46%,47%,0%,181,9%,20%,71%,0%
2013,1,52,Warren,2%,16,19%,0%,81%,8,100%,12,0%,58%,42%,0%,67,3%,9%,88%,0%
2013,1,53,Washington,4%,31,16%,0%,84%,0,0%,20,10%,30%,60%,0%,54,13%,7%,80%,0%
2013,1,54,Wayne,7%,76,20%,18%,62%,1,100%,29,3%,21%,76%,0%,57,4%,19%,77%,0%
2013,1,55,Westchester,20%,478,57%,30%,13%,204,1%,165,5%,67%,28%,0%,359,6%,85%,9%,0%
2013,1,56,Wyoming,10%,68,37%,4%,59%,6,17%,5,0%,40%,60%,0%,24,8%,0%,92%,0%
2013,1,57,Yates,3%,4,0%,25%,75%,0,0%,12,0%,42%,58%,0%,12,0%,0%,100%,0%
2013,2,01,Albany,2%,63,62%,0%,38%,21,48%,50,0%,80%,20%,0%,133,8%,17%,76%,0%
2013,2,02,Allegany,8%,76,17%,18%,65%,24,13%,10,10%,10%,80%,0%,35,0%,3%,97%,0%
2013,2,03,Broome,13%,321,11%,28%,61%,0,0%,10,0%,40%,60%,0%,142,1%,7%,92%,0%
2013,2,04,Cattaraugus,16%,167,59%,0%,41%,13,92%,16,13%,19%,69%,0%,34,12%,0%,88%,3%
2013,2,05,Cayuga,32%,175,22%,6%,72%,102,11%,23,17%,35%,48%,0%,45,9%,7%,84%,0%
2013,2,06,Chautauqua,14%,188,72%,0%,28%,14,43%,15,7%,53%,40%,0%,353,3%,21%,76%,43%
2013,2,07,Chemung,25%,126,58%,0%,42%,9,100%,27,7%,59%,33%,0%,100,11%,5%,84%,0%
2013,2,08,Chenango,11%,118,24%,0%,76%,6,0%,13,8%,46%,46%,0%,10,10%,0%,90%,0%
2013,2,09,Clinton,6%,38,34%,39%,27%,6,0%,9,0%,56%,44%,0%,43,0%,9%,91%,0%
2013,2,10,Columbia,1%,12,50%,25%,25%,33,30%,2,0%,0%,100%,0%,32,0%,6%,94%,0%
2013,2,11,Cortland,18%,78,14%,4%,82%,3,100%,13,23%,15%,62%,0%,23,4%,0%,96%,0%
2013,2,12,Delaware,16%,37,100%,0%,0%,0,0%,0,0%,0%,0%,0%,36,0%,11%,89%,0%
2013,2,13,Dutchess,19%,427,78%,0%,22%,0,0%,40,3%,53%,45%,0%,91,14%,16%,69%,0%
2013,2,14,Erie,15%,658,29%,22%,49%,91,69%,222,1%,56%,40%,3%,529,9%,35%,56%,4%
2013,2,15,Essex,5%,23,83%,0%,17%,4,25%,2,0%,50%,50%,0%,10,0%,0%,100%,0%
2013,2,16,Franklin,1%,5,20%,0%,80%,26,23%,7,0%,43%,57%,0%,25,0%,8%,92%,0%
2013,2,17,Fulton,7%,54,24%,0%,76%,91,11%,9,0%,44%,56%,0%,24,0%,14%,86%,0%
2013,2,18,Genesee,11%,82,40%,13%,47%,43,2%,6,0%,100%,0%,0%,12,25%,8%,67%,0%
2013,2,19,Greene,18%,165,26%,1%,73%,5,40%,1,0%,100%,0%,0%,20,0%,5%,95%,0%
2013,2,20,Hamilton,0%,0,0%,0%,0%,0,0%,1,0%,100%,0%,0%,2,0%,0%,100%,0%
2013,2,21,Herkimer,8%,25,36%,0%,64%,0,0%,4,0%,50%,50%,0%,31,13%,13%,74%,0%
2013,2,22,Jefferson,11%,140,75%,6%,19%,55,11%,8,25%,63%,13%,0%,60,20%,8%,72%,0%
2013,2,23,Lewis,6%,5,0%,0%,100%,18,11%,0,0%,0%,0%,0%,10,10%,0%,90%,0%
2013,2,24,Livingston,0%,1,100%,0%,0%,8,0%,17,18%,24%,59%,0%,37,0%,3%,97%,0%
2013,2,25,Madison,12%,22,45%,0%,55%,0,0%,13,0%,23%,77%,0%,21,0%,10%,90%,0%
2013,2,26,Monroe,5%,778,28%,2%,70%,0,0%,110,0%,96%,4%,0%,632,0%,27%,73%,0%
2013,2,27,Montgomery,17%,204,43%,0%,57%,179,5%,5,0%,20%,80%,0%,67,3%,10%,87%,0%
2013,2,28,Nassau,2%,54,28%,0%,72%,0,0%,38,0%,76%,24%,0%,293,6%,13%,81%,0%
2013,2,66,Niagara,9%,296,21%,1%,78%,131,2%,22,18%,64%,18%,0%,91,8%,16%,76%,0%
2013,2,29,New York City,25%,30997,80%,0%,20%,2999,4%,499,4%,86%,10%,11%,1205,12%,49%,40%,0%
2013,2,30,Oneida,2%,75,27%,0%,73%,97,21%,68,6%,43%,51%,0%,158,4%,15%,81%,0%
2013,2,31,Onondaga,1%,43,26%,7%,67%,215,33%,100,19%,70%,11%,0%,328,3%,20%,77%,0%
2013,2,32,Ontario,11%,204,23%,3%,74%,0,0%,2,0%,0%,100%,0%,39,0%,0%,100%,0%
2013,2,33,Orange,9%,380,30%,21%,49%,68,9%,20,15%,45%,40%,0%,184,22%,9%,69%,0%
2013,2,34,Orleans,16%,47,60%,0%,40%,5,60%,5,0%,80%,20%,0%,20,0%,10%,90%,0%
2013,2,35,Oswego,3%,11,36%,0%,64%,32,16%,34,6%,53%,41%,0%,65,3%,16%,81%,0%
2013,2,36,Otsego,2%,8,25%,0%,75%,4,50%,3,50%,0%,50%,33%,15,0%,0%,100%,0%
2013,2,37,Putnam,1%,1,0%,0%,100%,0,0%,2,0%,100%,0%,0%,13,0%,25%,75%,0%
2013,2,38,Rensselaer,13%,192,6%,0%,94%,0,0%,6,0%,67%,33%,0%,98,2%,28%,70%,0%
2013,2,39,Rockland,2%,13,69%,0%,31%,0,0%,24,8%,54%,38%,0%,85,20%,8%,72%,0%
2013,2,41,Saratoga,5%,107,66%,0%,34%,33,36%,20,0%,70%,30%,0%,60,3%,11%,86%,0%
2013,2,42,Schenectady,12%,424,41%,9%,50%,0,0%,26,35%,62%,4%,0%,137,22%,8%,70%,0%
2013,2,43,Schoharie,4%,21,62%,0%,38%,0,0%,0,0%,0%,0%,0%,24,0%,4%,96%,0%
2013,2,44,Schuyler,20%,43,21%,0%,79%,0,0%,5,20%,0%,80%,0%,9,11%,0%,89%,0%
2013,2,45,Seneca,1%,5,0%,40%,60%,33,0%,2,0%,50%,50%,0%,16,0%,0%,100%,0%
2013,2,40,St. Lawrence,2%,29,21%,3%,76%,118,30%,7,14%,57%,29%,0%,38,0%,0%,100%,0%
2013,2,46,Steuben,21%,175,25%,3%,72%,133,8%,8,13%,25%,63%,0%,63,8%,14%,78%,0%
2013,2,47,Suffolk,5%,598,33%,1%,66%,11,0%,184,11%,40%,49%,0%,577,1%,43%,56%,0%
2013,2,48,Sullivan,24%,437,87%,13%,0%,708,0%,2,0%,100%,0%,0%,63,23%,7%,70%,0%
2013,2,49,Tioga,9%,61,46%,0%,54%,1,0%,5,0%,40%,60%,0%,37,14%,3%,84%,0%
2013,2,50,Tompkins,6%,95,54%,0%,46%,0,0%,11,9%,27%,64%,0%,41,0%,23%,77%,0%
2013,2,51,Ulster,2%,40,48%,0%,52%,28,50%,41,2%,61%,37%,0%,133,10%,7%,83%,0%
2013,2,52,Warren,2%,12,33%,0%,67%,6,33%,4,25%,25%,50%,0%,23,4%,17%,78%,0%
2013,2,53,Washington,9%,62,21%,0%,79%,16,100%,5,20%,0%,80%,0%,25,0%,20%,80%,0%
2013,2,54,Wayne,8%,78,18%,26%,56%,2,100%,15,0%,33%,67%,0%,26,8%,12%,81%,0%
2013,2,55,Westchester,21%,676,64%,24%,12%,174,5%,100,2%,75%,23%,0%,237,8%,73%,19%,0%
2013,2,56,Wyoming,7%,39,38%,0%,62%,6,0%,4,0%,0%,100%,0%,0,0%,0%,0%,0%
2013,2,57,Yates,1%,2,0%,100%,0%,0,0%,7,0%,29%,71%,0%,8,0%,0%,100%,0%
2013,3,01,Albany,1%,55,62%,0%,38%,12,100%,27,4%,74%,22%,0%,145,1%,26%,72%,0%
2013,3,02,Allegany,8%,73,14%,5%,81%,27,41%,6,0%,50%,50%,0%,33,6%,0%,94%,0%
2013,3,03,Broome,20%,326,35%,19%,46%,0,0%,15,20%,53%,27%,0%,154,1%,14%,85%,0%
2013,3,04,Cattaraugus,18%,235,55%,0%,45%,15,53%,12,33%,25%,42%,0%,63,6%,6%,87%,0%
2013,3,05,Cayuga,28%,138,25%,7%,68%,96,10%,21,14%,48%,38%,0%,33,3%,3%,94%,0%
2013,3,06,Chautauqua,12%,281,45%,0%,55%,9,89%,7,0%,29%,71%,0%,368,3%,12%,85%,22%
2013,3,07,Chemung,21%,127,53%,1%,46%,9,100%,13,0%,62%,38%,0%,79,3%,11%,86%,0%
2013,3,08,Chenango,12%,113,26%,0%,74%,12,8%,10,0%,40%,60%,0%,23,4%,4%,91%,0%
2013,3,09,Clinton,6%,38,32%,45%,23%,0,0%,4,0%,100%,0%,0%,52,0%,21%,79%,0%
2013,3,10,Columbia,1%,10,10%,30%,60%,25,92%,4,0%,50%,50%,0%,30,7%,7%,87%,0%
2013,3,11,Cortland,18%,87,20%,1%,79%,6,100%,12,25%,33%,42%,0%,15,0%,13%,87%,0%
2013,3,12,Delaware,21%,78,79%,0%,21%,0,0%,1,0%,100%,0%,0%,25,8%,8%,84%,0%
2013,3,13,Dutchess,18%,407,77%,0%,23%,31,26%,32,16%,63%,22%,0%,83,18%,12%,70%,0%
2013,3,14,Erie,11%,617,28%,25%,47%,93,39%,230,3%,52%,45%,0%,686,9%,35%,56%,1%
2013,3,15,Essex,2%,12,75%,0%,25%,2,100%,3,0%,33%,67%,0%,10,0%,0%,100%,0%
2013,3,16,Franklin,3%,13,15%,8%,77%,17,82%,4,0%,25%,75%,0%,38,0%,5%,95%,0%
2013,3,17,Fulton,5%,45,27%,2%,71%,71,18%,18,11%,33%,56%,0%,21,14%,0%,86%,0%
2013,3,18,Genesee,14%,130,45%,10%,45%,71,0%,2,0%,50%,50%,0%,12,8%,8%,83%,0%
2013,3,19,Greene,20%,154,31%,3%,66%,4,50%,3,0%,67%,33%,0%,10,0%,0%,100%,0%
2013,3,20,Hamilton,0%,0,0%,0%,0%,0,0%,1,0%,0%,100%,0%,2,0%,0%,100%,0%
2013,3,21,Herkimer,12%,55,25%,0%,75%,0,0%,6,17%,67%,17%,0%,35,6%,14%,80%,0%
2013,3,22,Jefferson,11%,136,83%,1%,16%,45,11%,6,0%,67%,33%,0%,59,3%,14%,83%,0%
2013,3,23,Lewis,11%,17,6%,6%,88%,6,17%,2,0%,50%,50%,0%,12,0%,8%,92%,0%
2013,3,24,Livingston,0%,3,67%,0%,33%,8,0%,11,0%,27%,73%,0%,21,0%,10%,90%,0%
2013,3,25,Madison,12%,26,65%,0%,35%,0,0%,13,8%,23%,69%,0%,26,0%,8%,92%,0%
2013,3,26,Monroe,5%,1263,44%,3%,53%,0,0%,97,1%,92%,7%,0%,553,15%,12%,73%,0%
2013,3,27,Montgomery,13%,158,44%,0%,56%,152,6%,7,14%,43%,43%,0%,56,14%,13%,73%,0%
2013,3,28,Nassau,2%,59,29%,0%,71%,0,0%,29,3%,79%,17%,0%,289,1%,14%,85%,0%
2013,3,29,Niagara,7%,257,20%,1%,79%,0,0%,23,17%,48%,35%,0%,80,9%,13%,79%,0%
2013,3,66,New York City,22%,31251,80%,0%,20%,3309,2%,558,4%,80%,15%,13%,3218,5%,81%,14%,0%
2013,3,30,Oneida,1%,38,32%,11%,57%,98,7%,97,8%,48%,43%,0%,125,6%,20%,74%,0%
2013,3,31,Onondaga,1%,50,32%,6%,62%,228,65%,64,30%,41%,30%,0%,346,0%,9%,91%,0%
2013,3,32,Ontario,10%,195,27%,8%,65%,4,25%,1,0%,100%,0%,0%,48,2%,2%,96%,0%
2013,3,33,Orange,8%,325,33%,19%,48%,108,10%,25,8%,40%,52%,0%,201,21%,2%,77%,0%
2013,3,34,Orleans,14%,56,57%,0%,43%,0,0%,8,0%,38%,63%,0%,29,0%,7%,93%,0%
2013,3,35,Oswego,3%,31,23%,0%,77%,44,34%,36,0%,78%,22%,0%,56,2%,14%,84%,0%
2013,3,36,Otsego,2%,1,0%,0%,100%,4,25%,3,0%,67%,33%,0%,11,0%,9%,91%,0%
2013,3,37,Putnam,1%,3,67%,0%,33%,0,0%,1,0%,100%,0%,0%,4,0%,25%,75%,0%
2013,3,38,Rensselaer,14%,253,6%,0%,94%,0,0%,6,17%,50%,33%,0%,79,6%,24%,70%,0%
2013,3,39,Rockland,2%,20,40%,0%,60%,0,0%,23,0%,52%,48%,0%,85,9%,7%,84%,0%
2013,3,41,Saratoga,5%,104,60%,4%,36%,56,45%,12,0%,75%,25%,0%,78,0%,15%,85%,0%
2013,3,42,Schenectady,10%,442,43%,7%,50%,0,0%,36,25%,61%,14%,0%,143,29%,10%,61%,0%
2013,3,43,Schoharie,4%,17,41%,0%,59%,0,0%,0,0%,0%,0%,0%,16,0%,6%,94%,0%
2013,3,44,Schuyler,17%,16,56%,0%,44%,0,0%,4,0%,0%,100%,0%,13,0%,8%,92%,0%
2013,3,45,Seneca,1%,6,17%,0%,83%,59,0%,6,0%,33%,67%,0%,11,18%,18%,64%,0%
2013,3,40,St. Lawrence,1%,27,19%,19%,62%,110,23%,9,0%,11%,89%,0%,49,0%,12%,88%,0%
2013,3,46,Steuben,18%,155,25%,0%,75%,139,14%,11,18%,45%,36%,0%,60,3%,18%,78%,0%
2013,3,47,Suffolk,4%,468,32%,2%,66%,23,52%,162,4%,52%,44%,0%,496,2%,32%,66%,0%
2013,3,48,Sullivan,19%,362,88%,12%,0%,486,0%,4,25%,75%,0%,0%,42,5%,19%,76%,0%
2013,3,49,Tioga,13%,105,46%,0%,54%,2,0%,7,0%,0%,100%,0%,54,2%,6%,93%,0%
2013,3,50,Tompkins,6%,98,59%,0%,41%,0,0%,20,10%,10%,80%,0%,54,20%,4%,76%,0%
2013,3,51,Ulster,2%,37,49%,0%,51%,24,42%,32,13%,53%,34%,0%,111,2%,19%,79%,0%
2013,3,52,Warren,2%,14,7%,0%,93%,7,43%,8,13%,63%,25%,0%,36,0%,3%,97%,0%
2013,3,53,Washington,10%,164,21%,1%,78%,0,0%,4,0%,0%,100%,0%,17,0%,18%,82%,0%
2013,3,54,Wayne,7%,52,27%,17%,56%,1,100%,16,6%,44%,50%,0%,33,0%,6%,94%,0%
2013,3,55,Westchester,22%,626,75%,25%,0%,207,1%,102,4%,63%,33%,0%,194,4%,82%,14%,0%
2013,3,56,Wyoming,10%,58,41%,5%,54%,8,50%,0,0%,0%,0%,0%,12,0%,8%,92%,0%
2013,3,57,Yates,2%,4,25%,25%,50%,0,0%,7,0%,14%,86%,0%,10,0%,0%,100%,0%
2013,4,01,Albany,1%,33,64%,0%,36%,18,0%,34,6%,79%,15%,0%,90,3%,22%,74%,0%
2013,4,02,Allegany,8%,72,11%,7%,82%,25,64%,2,0%,50%,50%,0%,30,0%,7%,93%,0%
2013,4,03,Broome,25%,455,49%,22%,29%,0,0%,11,18%,36%,45%,0%,105,0%,19%,81%,0%
2013,4,04,Cattaraugus,15%,208,47%,0%,53%,15,100%,8,0%,50%,50%,0%,32,0%,0%,100%,0%
2013,4,05,Cayuga,22%,139,22%,4%,74%,74,15%,19,5%,53%,42%,0%,14,0%,0%,100%,0%
2013,4,06,Chautauqua,13%,192,61%,0%,39%,19,47%,16,6%,25%,69%,0%,205,0%,17%,83%,8%
2013,4,07,Chemung,20%,184,44%,28%,28%,15,47%,14,7%,79%,14%,0%,52,15%,15%,69%,0%
2013,4,08,Chenango,9%,122,35%,0%,65%,4,0%,14,0%,50%,50%,0%,16,31%,0%,69%,0%
2013,4,09,Clinton,5%,34,56%,29%,15%,4,0%,10,0%,50%,50%,0%,26,0%,38%,62%,0%
2013,4,10,Columbia,1%,10,0%,50%,50%,9,44%,5,0%,60%,40%,0%,8,38%,0%,63%,0%
2013,4,11,Cortland,20%,85,24%,7%,69%,12,100%,10,30%,10%,60%,0%,11,9%,18%,73%,0%
2013,4,12,Delaware,18%,98,78%,0%,22%,0,0%,0,0%,0%,0%,0%,9,0%,11%,89%,0%
2013,4,13,Dutchess,18%,402,79%,0%,21%,0,0%,14,14%,36%,50%,0%,41,0%,32%,68%,0%
2013,4,14,Erie,12%,606,25%,31%,44%,87,49%,191,2%,60%,38%,0%,304,4%,23%,73%,26%
2013,4,15,Essex,3%,19,100%,0%,0%,5,100%,2,0%,0%,100%,0%,14,0%,0%,100%,0%
2013,4,16,Franklin,2%,12,58%,0%,42%,6,100%,3,0%,100%,0%,0%,18,0%,22%,78%,0%
2013,4,17,Fulton,9%,84,19%,2%,79%,74,16%,11,36%,18%,45%,0%,20,0%,10%,90%,0%
2013,4,18,Genesee,9%,82,50%,5%,45%,47,0%,5,20%,80%,0%,0%,3,0%,0%,100%,0%
2013,4,19,Greene,18%,156,24%,1%,75%,3,33%,2,0%,100%,0%,0%,17,12%,47%,41%,0%
2013,4,20,Hamilton,0%,0,0%,0%,0%,0,0%,0,0%,0%,0%,0%,0,0%,0%,0%,0%
2013,4,21,Herkimer,8%,28,14%,0%,86%,0,0%,6,0%,83%,17%,0%,10,0%,0%,100%,0%
2013,4,22,Jefferson,12%,153,71%,3%,26%,42,24%,2,0%,100%,0%,0%,24,4%,42%,54%,0%
2013,4,23,Lewis,11%,15,0%,0%,100%,15,0%,2,50%,50%,0%,0%,1,0%,0%,100%,0%
2013,4,24,Livingston,0%,1,100%,0%,0%,2,0%,11,0%,55%,45%,0%,20,0%,15%,85%,0%
2013,4,25,Madison,11%,23,39%,0%,61%,0,0%,9,22%,11%,67%,0%,9,0%,22%,78%,0%
2013,4,26,Monroe,6%,1161,48%,1%,51%,211,10%,124,1%,94%,5%,0%,294,15%,26%,60%,0%
2013,4,27,Montgomery,13%,163,41%,0%,59%,180,5%,6,17%,33%,50%,0%,27,7%,7%,85%,0%
2013,4,28,Nassau,2%,79,22%,0%,78%,0,0%,37,5%,68%,27%,0%,137,15%,35%,50%,0%
2013,4,29,Niagara,6%,170,20%,1%,79%,0,0%,23,9%,52%,39%,0%,54,0%,17%,83%,0%
2013,4,66,New York City,24%,30025,80%,0%,20%,2630,4%,470,6%,80%,13%,0%,2184,5%,80%,15%,0%
2013,4,30,Oneida,1%,18,56%,0%,44%,78,100%,83,2%,47%,51%,0%,110,0%,16%,84%,0%
2013,4,31,Onondaga,1%,58,24%,9%,67%,206,69%,85,15%,41%,44%,0%,134,0%,17%,83%,0%
2013,4,32,Ontario,9%,263,22%,11%,67%,11,27%,5,0%,40%,60%,0%,12,0%,8%,92%,0%
2013,4,33,Orange,7%,363,33%,13%,54%,93,16%,25,8%,52%,40%,0%,56,11%,7%,82%,0%
2013,4,34,Orleans,26%,90,60%,0%,40%,0,0%,6,0%,50%,50%,0%,6,0%,67%,33%,0%
2013,4,35,Oswego,2%,13,8%,0%,92%,24,71%,33,3%,30%,67%,0%,19,5%,11%,84%,0%
2013,4,36,Otsego,2%,9,33%,0%,67%,8,75%,0,0%,0%,0%,0%,13,0%,8%,92%,0%
2013,4,37,Putnam,2%,8,63%,0%,37%,0,0%,1,0%,0%,100%,0%,3,0%,67%,33%,0%
2013,4,38,Rensselaer,17%,227,9%,0%,91%,0,0%,4,25%,25%,50%,0%,43,7%,7%,86%,0%
2013,4,39,Rockland,2%,25,40%,0%,60%,0,0%,28,11%,50%,39%,0%,50,10%,18%,72%,0%
2013,4,41,Saratoga,4%,114,61%,4%,35%,23,70%,7,0%,57%,43%,0%,35,6%,23%,71%,0%
2013,4,42,Schenectady,12%,369,42%,8%,50%,0,0%,44,9%,77%,14%,0%,81,19%,15%,67%,0%
2013,4,43,Schoharie,2%,17,59%,0%,41%,1,0%,1,0%,100%,0%,0%,6,0%,0%,100%,0%
2013,4,44,Schuyler,10%,9,33%,0%,67%,0,0%,2,0%,50%,50%,0%,7,0%,43%,57%,0%
2013,4,45,Seneca,1%,4,100%,0%,0%,44,0%,2,0%,0%,100%,0%,11,0%,9%,91%,0%
2013,4,40,St. Lawrence,2%,40,38%,10%,52%,112,21%,10,20%,20%,60%,0%,21,5%,5%,90%,0%
2013,4,46,Steuben,23%,199,22%,0%,78%,147,12%,6,0%,67%,33%,0%,28,4%,18%,79%,0%
2013,4,47,Suffolk,4%,439,32%,1%,67%,17,0%,184,1%,62%,38%,0%,279,9%,49%,42%,0%
2013,4,48,Sullivan,17%,329,86%,14%,0%,346,0%,3,33%,33%,33%,0%,17,18%,29%,53%,0%
2013,4,49,Tioga,15%,128,45%,0%,55%,4,0%,4,0%,50%,50%,0%,29,3%,0%,97%,0%
2013,4,50,Tompkins,7%,102,60%,0%,40%,0,0%,12,17%,33%,50%,0%,26,0%,15%,85%,0%
2013,4,51,Ulster,2%,48,60%,0%,40%,17,35%,24,8%,63%,29%,0%,51,0%,16%,84%,0%
2013,4,52,Warren,3%,28,11%,0%,89%,6,50%,9,0%,11%,89%,0%,18,0%,11%,89%,0%
2013,4,53,Washington,7%,93,31%,0%,69%,0,0%,4,0%,0%,100%,0%,13,0%,38%,62%,0%
2013,4,54,Wayne,8%,60,18%,27%,55%,2,50%,18,0%,39%,61%,0%,5,0%,0%,100%,0%
2013,4,55,Westchester,21%,521,65%,27%,8%,185,2%,116,3%,53%,44%,0%,164,11%,88%,1%,0%
2013,4,56,Wyoming,8%,54,39%,0%,61%,5,0%,3,33%,0%,67%,0%,1,0%,0%,100%,0%
2013,4,57,Yates,0%,2,100%,0%,0%,0,0%,3,0%,0%,100%,0%,4,0%,0%,100%,0%
2014,1,01,Albany,1%,51,57%,0%,43%,14,14%,26,0%,46%,54%,0%,110,4%,16%,80%,0%
2014,1,02,Allegany,9%,79,8%,4%,88%,17,53%,4,0%,50%,50%,0%,30,17%,3%,80%,0%
2014,1,03,Broome,22%,418,41%,20%,39%,0,0%,8,0%,50%,50%,0%,132,1%,12%,87%,0%
2014,1,04,Cattaraugus,14%,196,62%,0%,38%,14,57%,22,23%,41%,36%,0%,23,22%,0%,78%,0%
2014,1,05,Cayuga,26%,102,19%,7%,74%,86,41%,25,0%,36%,64%,0%,27,7%,4%,89%,0%
2014,1,06,Chautauqua,16%,210,67%,0%,33%,34,0%,11,9%,36%,55%,0%,150,3%,11%,86%,0%
2014,1,07,Chemung,23%,149,65%,0%,35%,6,100%,25,4%,48%,48%,0%,60,3%,12%,85%,0%
2014,1,08,Chenango,13%,120,5%,3%,92%,12,8%,16,0%,63%,38%,0%,22,5%,18%,77%,0%
2014,1,09,Clinton,5%,33,36%,39%,25%,4,25%,6,0%,50%,50%,0%,26,0%,8%,92%,0%
2014,1,10,Columbia,1%,9,22%,22%,56%,15,7%,3,0%,33%,67%,0%,18,33%,17%,50%,0%
2014,1,11,Cortland,25%,101,27%,5%,68%,14,0%,7,29%,14%,57%,0%,36,3%,11%,86%,0%
2014,1,12,Delaware,17%,98,73%,0%,27%,0,0%,3,0%,67%,33%,0%,16,0%,0%,100%,0%
2014,1,13,Dutchess,24%,409,79%,0%,21%,0,0%,32,6%,50%,44%,0%,50,4%,16%,80%,0%
2014,1,14,Erie,11%,547,28%,31%,41%,80,94%,165,1%,52%,48%,0%,526,7%,31%,62%,0%
2014,1,15,Essex,4%,26,92%,0%,8%,15,20%,7,0%,29%,71%,0%,17,0%,6%,94%,0%
2014,1,16,Franklin,0%,1,100%,0%,0%,19,100%,8,0%,13%,88%,0%,24,0%,4%,96%,0%
2014,1,17,Fulton,9%,72,11%,3%,86%,60,22%,6,17%,17%,67%,0%,16,0%,6%,94%,0%
2014,1,18,Genesee,10%,74,46%,4%,50%,36,6%,3,33%,67%,0%,0%,8,0%,0%,100%,0%
2014,1,19,Greene,17%,170,25%,2%,73%,9,33%,5,20%,40%,40%,0%,11,0%,18%,82%,0%
2014,1,20,Hamilton,0%,0,0%,0%,0%,0,0%,1,0%,100%,0%,0%,0,0%,0%,0%,0%
2014,1,21,Herkimer,10%,39,26%,0%,74%,0,0%,6,0%,83%,17%,0%,21,0%,10%,90%,0%
2014,1,22,Jefferson,11%,122,72%,6%,22%,10,100%,2,0%,50%,50%,0%,54,2%,13%,85%,0%
2014,1,23,Lewis,12%,18,6%,0%,94%,21,0%,4,75%,0%,25%,0%,3,0%,0%,100%,0%
2014,1,24,Livingston,0%,3,33%,0%,67%,1,100%,11,0%,36%,64%,0%,35,6%,0%,94%,0%
2014,1,25,Madison,12%,25,40%,0%,60%,0,0%,20,5%,35%,60%,0%,23,0%,9%,91%,0%
2014,1,26,Monroe,8%,1716,42%,0%,58%,126,20%,97,1%,90%,9%,0%,375,25%,20%,55%,0%
2014,1,27,Montgomery,10%,132,40%,0%,60%,139,6%,11,0%,36%,64%,0%,33,21%,6%,73%,0%
2014,1,28,Nassau,1%,31,16%,0%,84%,0,0%,49,6%,49%,45%,0%,180,12%,50%,38%,0%
2014,1,29,Niagara,7%,304,20%,3%,77%,0,0%,29,0%,55%,45%,0%,112,3%,8%,89%,0%
2014,1,66,New York City,25%,31931,79%,0%,21%,2966,2%,398,6%,77%,17%,0%,2667,6%,20%,74%,0%
2014,1,30,Oneida,1%,14,43%,0%,57%,87,61%,74,4%,49%,47%,0%,80,1%,14%,85%,0%
2014,1,31,Onondaga,1%,39,15%,3%,82%,162,100%,94,15%,57%,28%,0%,187,4%,18%,78%,0%
2014,1,32,Ontario,9%,220,15%,4%,81%,17,12%,9,0%,56%,44%,0%,25,0%,8%,92%,0%
2014,1,33,Orange,8%,320,33%,18%,49%,81,9%,34,35%,44%,21%,0%,102,25%,10%,65%,0%
2014,1,34,Orleans,29%,81,42%,0%,58%,0,0%,3,0%,67%,33%,0%,12,17%,17%,67%,0%
2014,1,35,Oswego,3%,17,6%,0%,94%,0,0%,30,3%,33%,63%,0%,55,5%,24%,71%,0%
2014,1,36,Otsego,3%,18,28%,6%,66%,9,22%,0,0%,0%,0%,0%,20,15%,15%,70%,0%
2014,1,37,Putnam,2%,6,67%,0%,33%,0,0%,3,0%,100%,0%,0%,2,0%,0%,100%,0%
2014,1,38,Rensselaer,25%,299,9%,0%,91%,0,0%,6,0%,67%,33%,0%,59,7%,30%,63%,0%
2014,1,39,Rockland,2%,19,58%,0%,42%,0,0%,17,29%,53%,18%,0%,59,7%,15%,78%,0%
2014,1,41,Saratoga,4%,109,58%,2%,40%,22,27%,16,6%,44%,50%,0%,39,0%,21%,79%,0%
2014,1,42,Schenectady,18%,452,40%,8%,52%,0,0%,47,32%,47%,21%,0%,88,18%,14%,68%,0%
2014,1,43,Schoharie,2%,11,45%,0%,55%,6,0%,2,0%,50%,50%,0%,12,0%,33%,67%,0%
2014,1,44,Schuyler,6%,11,45%,0%,55%,0,0%,4,0%,25%,75%,0%,9,0%,22%,78%,0%
2014,1,45,Seneca,0%,3,33%,0%,67%,35,0%,7,0%,43%,57%,0%,11,18%,0%,82%,0%
2014,1,40,St. Lawrence,2%,47,21%,6%,73%,106,24%,5,40%,20%,40%,0%,47,0%,2%,98%,0%
2014,1,46,Steuben,23%,179,23%,0%,77%,103,26%,6,17%,50%,33%,0%,35,3%,6%,91%,0%
2014,1,47,Suffolk,3%,394,32%,2%,66%,15,0%,231,0%,62%,37%,0%,431,1%,46%,53%,0%
2014,1,48,Sullivan,21%,480,92%,8%,0%,647,0%,2,50%,0%,50%,0%,37,8%,22%,70%,0%
2014,1,49,Tioga,13%,113,58%,0%,42%,5,0%,5,40%,20%,40%,0%,68,10%,0%,90%,0%
2014,1,50,Tompkins,6%,93,58%,0%,42%,0,0%,10,10%,20%,70%,0%,37,5%,8%,87%,0%
2014,1,51,Ulster,2%,26,19%,0%,81%,24,25%,47,4%,53%,43%,0%,68,10%,25%,65%,0%
2014,1,52,Warren,1%,23,0%,0%,100%,2,100%,5,20%,40%,40%,0%,15,33%,7%,60%,0%
2014,1,53,Washington,8%,93,25%,0%,75%,0,0%,4,0%,25%,75%,0%,19,0%,5%,95%,0%
2014,1,54,Wayne,7%,108,16%,39%,45%,0,0%,12,0%,33%,67%,0%,33,0%,18%,82%,0%
2014,1,55,Westchester,22%,532,47%,39%,14%,175,2%,119,2%,63%,35%,0%,189,3%,91%,6%,0%
2014,1,56,Wyoming,11%,57,51%,0%,49%,8,0%,9,11%,44%,44%,0%,7,0%,29%,71%,0%
2014,1,57,Yates,3%,6,33%,0%,67%,0,0%,4,0%,0%,100%,0%,6,0%,0%,100%,17%
2014,2,01,Albany,2%,51,69%,0%,31%,14,21%,55,6%,58%,36%,0%,120,2%,22%,76%,0%
2014,2,02,Allegany,8%,67,1%,13%,86%,7,100%,10,20%,20%,60%,0%,25,4%,8%,88%,0%
2014,2,03,Broome,22%,405,44%,11%,45%,0,0%,17,0%,41%,59%,0%,120,2%,3%,95%,0%
2014,2,04,Cattaraugus,18%,224,54%,0%,46%,5,100%,24,17%,58%,25%,0%,35,3%,9%,88%,0%
2014,2,05,Cayuga,28%,132,27%,8%,65%,9,100%,16,0%,39%,63%,0%,22,5%,9%,86%,0%
2014,2,06,Chautauqua,14%,233,67%,0%,33%,0,0%,13,15%,54%,31%,0%,188,2%,12%,86%,0%
2014,2,07,Chemung,19%,146,52%,0%,48%,0,0%,37,24%,27%,49%,0%,67,12%,4%,84%,0%
2014,2,08,Chenango,14%,126,10%,1%,89%,9,0%,11,27%,0%,73%,0%,22,0%,5%,95%,0%
2014,2,09,Clinton,5%,37,49%,30%,21%,0,0%,21,0%,29%,71%,0%,36,0%,14%,86%,0%
2014,2,10,Columbia,1%,6,33%,0%,67%,1,100%,2,0%,50%,50%,0%,35,11%,20%,69%,0%
2014,2,11,Cortland,24%,98,20%,6%,74%,10,100%,9,22%,45%,33%,0%,21,14%,14%,72%,0%
2014,2,12,Delaware,16%,93,62%,0%,38%,0,0%,6,0%,83%,17%,0%,16,0%,0%,100%,0%
2014,2,13,Dutchess,20%,430,80%,0%,20%,16,100%,32,13%,28%,59%,0%,74,11%,19%,70%,0%
2014,2,14,Erie,11%,526,26%,29%,45%,0,0%,186,0%,48%,52%,0%,513,0%,36%,64%,3%
2014,2,15,Essex,3%,12,58%,0%,42%,6,50%,4,0%,0%,100%,0%,3,0%,0%,100%,0%
2014,2,16,Franklin,2%,5,40%,0%,60%,16,44%,17,6%,35%,59%,0%,9,0%,0%,100%,0%
2014,2,17,Fulton,6%,72,13%,7%,80%,116,22%,13,8%,8%,84%,0%,25,12%,16%,72%,0%
2014,2,18,Genesee,13%,80,48%,1%,51%,2,0%,3,0%,67%,33%,0%,12,0%,0%,100%,0%
2014,2,19,Greene,20%,140,21%,0%,79%,25,4%,4,25%,75%,0%,0%,16,0%,19%,81%,0%
2014,2,20,Hamilton,0%,0,0%,0%,0%,0,0%,0,0%,0%,0%,0%,0,0%,0%,0%,0%
2014,2,21,Herkimer,8%,32,41%,0%,59%,0,0%,6,16%,67%,17%,0%,24,4%,13%,83%,0%
2014,2,22,Jefferson,16%,215,71%,7%,22%,94,15%,10,0%,50%,50%,0%,37,8%,5%,86%,0%
2014,2,23,Lewis,10%,13,0%,8%,92%,1,0%,6,0%,17%,83%,0%,4,0%,25%,75%,0%
2014,2,24,Livingston,1%,7,43%,0%,57%,2,0%,14,13%,14%,71%,0%,29,0%,28%,72%,0%
2014,2,25,Madison,9%,18,56%,0%,44%,0,0%,13,0%,38%,62%,0%,13,0%,23%,77%,0%
2014,2,26,Monroe,7%,1559,42%,0%,58%,50,92%,103,1%,87%,12%,0%,665,23%,11%,66%,0%
2014,2,27,Montgomery,12%,134,42%,0%,58%,0,0%,21,10%,19%,71%,0%,42,5%,2%,93%,0%
2014,2,28,Nassau,1%,15,33%,0%,67%,0,0%,39,9%,38%,51%,0%,195,16%,45%,39%,0%
2014,2,29,Niagara,7%,213,17%,3%,80%,61,21%,39,5%,59%,36%,0%,59,5%,7%,88%,0%
2014,2,66,New York City,27%,34145,79%,0%,21%,3150,0%,489,3%,76%,21%,0%,2569,6%,82%,13%,0%
2014,2,30,Oneida,0%,14,64%,0%,36%,77,45%,112,5%,56%,39%,0%,93,3%,13%,84%,0%
2014,2,31,Onondaga,1%,61,33%,5%,62%,229,74%,94,17%,55%,28%,0%,239,1%,13%,86%,0%
2014,2,32,Ontario,10%,171,16%,6%,78%,8,0%,6,17%,33%,50%,0%,52,2%,0%,98%,0%
2014,2,33,Orange,8%,451,29%,18%,53%,0,0%,39,23%,44%,33%,0%,122,9%,10%,81%,0%
2014,2,34,Orleans,30%,88,50%,0%,50%,20,20%,3,0%,67%,33%,0%,16,0%,0%,100%,0%
2014,2,35,Oswego,2%,19,21%,0%,79%,21,38%,20,0%,55%,45%,0%,49,0%,4%,96%,0%
2014,2,36,Otsego,3%,7,14%,0%,86%,1,100%,1,0%,100%,0%,0%,23,9%,17%,74%,0%
2014,2,37,Putnam,3%,8,38%,0%,62%,0,0%,1,0%,100%,0%,0%,11,0%,91%,9%,0%
2014,2,38,Rensselaer,28%,472,6%,0%,94%,0,0%,11,9%,73%,18%,0%,78,9%,26%,65%,0%
2014,2,39,Rockland,2%,38,58%,0%,42%,63,10%,29,0%,69%,31%,0%,47,2%,26%,72%,2%
2014,2,41,Saratoga,5%,96,58%,1%,41%,1,100%,13,15%,23%,62%,0%,69,6%,6%,88%,0%
2014,2,42,Schenectady,15%,413,45%,6%,49%,60,45%,64,40%,41%,19%,0%,159,10%,16%,74%,0%
2014,2,43,Schoharie,1%,7,71%,0%,29%,2,0%,9,0%,0%,100%,0%,1,0%,0%,100%,0%
2014,2,44,Schuyler,6%,5,0%,60%,40%,0,0%,5,0%,0%,100%,0%,10,0%,0%,100%,20%
2014,2,45,Seneca,1%,5,0%,20%,80%,3,67%,3,0%,0%,100%,0%,18,0%,11%,89%,0%
2014,2,40,St. Lawrence,3%,52,21%,35%,44%,27,59%,7,0%,14%,86%,0%,27,0%,4%,96%,0%
2014,2,46,Steuben,19%,123,17%,0%,83%,35,83%,4,0%,50%,50%,0%,30,0%,20%,80%,0%
2014,2,47,Suffolk,4%,484,34%,3%,63%,9,89%,280,1%,61%,38%,0%,422,4%,39%,57%,0%
2014,2,48,Sullivan,22%,416,92%,8%,0%,588,0%,8,13%,38%,50%,0%,35,9%,23%,69%,0%
2014,2,49,Tioga,11%,75,59%,0%,41%,3,0%,3,0%,0%,100%,0%,37,0%,0%,100%,0%
2014,2,50,Tompkins,6%,94,65%,0%,35%,0,0%,23,13%,26%,61%,0%,32,0%,3%,97%,0%
2014,2,51,Ulster,2%,34,47%,0%,53%,9,33%,44,2%,50%,48%,0%,47,2%,23%,75%,0%
2014,2,52,Warren,1%,12,0%,0%,100%,3,0%,13,0%,38%,62%,0%,15,0%,33%,67%,0%
2014,2,53,Washington,11%,144,24%,1%,75%,61,23%,20,20%,5%,75%,0%,42,2%,5%,93%,0%
2014,2,54,Wayne,8%,65,25%,22%,53%,10,40%,16,0%,31%,69%,0%,14,14%,7%,79%,0%
2014,2,55,Westchester,23%,528,52%,35%,13%,21,24%,161,3%,66%,31%,0%,221,7%,91%,2%,0%
2014,2,56,Wyoming,17%,92,47%,2%,51%,2,50%,5,0%,40%,60%,0%,5,0%,0%,100%,0%
2014,2,57,Yates,3%,4,50%,25%,25%,0,0%,3,33%,0%,67%,0%,7,0%,0%,100%,0%
2014,3,01,Albany,1%,54,57%,0%,43%,14,7%,35,6%,54%,40%,0%,101,3%,34%,63%,0%
2014,3,02,Allegany,8%,66,8%,20%,72%,8,100%,4,0%,0%,100%,0%,27,4%,7%,89%,0%
2014,3,03,Broome,16%,316,39%,19%,42%,0,0%,16,0%,75%,25%,0%,157,3%,7%,90%,0%
2014,3,04,Cattaraugus,18%,231,52%,0%,48%,11,64%,14,22%,64%,14%,0%,44,7%,7%,86%,0%
2014,3,05,Cayuga,26%,119,21%,10%,69%,11,55%,24,0%,50%,50%,0%,13,15%,16%,69%,0%
2014,3,06,Chautauqua,13%,243,59%,0%,41%,0,0%,19,32%,26%,42%,0%,152,8%,18%,74%,0%
2014,3,07,Chemung,21%,149,58%,0%,42%,21,33%,32,16%,25%,59%,0%,74,0%,7%,93%,0%
2014,3,08,Chenango,14%,159,10%,3%,87%,4,0%,14,14%,29%,57%,0%,18,11%,0%,89%,0%
2014,3,09,Clinton,6%,39,38%,26%,36%,11,0%,13,0%,38%,62%,0%,22,0%,5%,95%,0%
2014,3,10,Columbia,1%,12,25%,25%,50%,8,0%,5,0%,40%,60%,0%,12,0%,17%,83%,0%
2014,3,11,Cortland,25%,108,27%,5%,68%,2,100%,7,43%,29%,28%,0%,13,8%,0%,92%,0%
2014,3,12,Delaware,17%,95,74%,0%,26%,0,0%,12,0%,58%,42%,0%,32,0%,25%,75%,0%
2014,3,13,Dutchess,18%,282,71%,0%,29%,2,100%,28,14%,22%,64%,0%,87,18%,15%,67%,0%
2014,3,14,Erie,10%,538,25%,32%,43%,221,22%,166,1%,47%,52%,0%,626,7%,29%,64%,5%
2014,3,15,Essex,6%,29,86%,0%,14%,15,47%,10,10%,50%,40%,0%,7,0%,0%,100%,0%
2014,3,16,Franklin,2%,8,13%,0%,87%,12,100%,14,14%,29%,57%,0%,17,0%,6%,94%,0%
2014,3,17,Fulton,6%,61,8%,3%,89%,122,16%,15,6%,27%,67%,0%,35,6%,11%,83%,0%
2014,3,18,Genesee,14%,100,38%,6%,56%,1,100%,8,12%,38%,50%,0%,7,0%,0%,100%,0%
2014,3,19,Greene,19%,147,16%,4%,80%,13,23%,9,0%,78%,22%,0%,23,22%,4%,74%,0%
2014,3,20,Hamilton,0%,0,0%,0%,0%,0,0%,0,0%,0%,0%,0%,0,0%,0%,0%,0%
2014,3,21,Herkimer,26%,94,16%,0%,84%,0,0%,6,33%,50%,17%,0%,32,9%,10%,81%,0%
2014,3,22,Jefferson,14%,202,76%,3%,21%,0,0%,3,33%,0%,67%,0%,42,17%,7%,76%,0%
2014,3,23,Lewis,12%,15,0%,0%,100%,0,0%,3,0%,0%,100%,0%,9,11%,45%,44%,0%
2014,3,24,Livingston,0%,1,100%,0%,0%,21,0%,17,12%,23%,65%,0%,35,0%,0%,100%,0%
2014,3,25,Madison,0%,0,0%,0%,0%,0,0%,12,0%,50%,50%,0%,47,7%,4%,89%,0%
2014,3,26,Monroe,6%,1258,37%,0%,63%,61,25%,106,0%,84%,16%,0%,590,25%,14%,61%,0%
2014,3,27,Montgomery,13%,160,46%,0%,54%,7,0%,14,0%,36%,64%,0%,55,9%,6%,85%,0%
2014,3,28,Nassau,2%,37,35%,0%,65%,0,0%,32,6%,50%,44%,0%,186,15%,46%,39%,0%
2014,3,29,Niagara,4%,146,26%,1%,73%,52,40%,31,3%,71%,26%,0%,102,7%,4%,89%,0%
2014,3,66,New York City,36%,46739,72%,0%,28%,163,44%,473,7%,67%,26%,0%,3003,5%,83%,12%,0%
2014,3,30,Oneida,0%,5,40%,0%,60%,44,73%,124,2%,57%,41%,0%,175,5%,15%,80%,0%
2014,3,31,Onondaga,1%,66,33%,9%,58%,156,78%,101,4%,51%,46%,0%,294,0%,17%,83%,0%
2014,3,32,Ontario,8%,160,23%,13%,64%,23,17%,7,0%,71%,29%,0%,39,5%,3%,92%,0%
2014,3,33,Orange,6%,338,36%,23%,41%,0,0%,32,9%,50%,41%,0%,125,24%,4%,72%,0%
2014,3,34,Orleans,27%,97,49%,0%,51%,12,17%,5,0%,60%,40%,0%,19,0%,11%,89%,0%
2014,3,35,Oswego,2%,12,17%,0%,83%,41,32%,22,14%,27%,59%,0%,75,0%,15%,85%,0%
2014,3,36,Otsego,3%,7,29%,0%,71%,0,0%,6,0%,50%,50%,0%,13,0%,8%,92%,0%
2014,3,37,Putnam,3%,12,17%,0%,83%,0,0%,3,0%,100%,0%,0%,10,10%,50%,40%,0%
2014,3,38,Rensselaer,26%,404,7%,0%,93%,0,0%,13,0%,31%,69%,0%,48,13%,29%,58%,0%
2014,3,39,Rockland,2%,30,57%,0%,43%,0,0%,18,11%,50%,39%,0%,59,7%,30%,63%,0%
2014,3,41,Saratoga,5%,97,69%,2%,29%,22,14%,13,0%,38%,62%,0%,34,3%,9%,88%,0%
2014,3,42,Schenectady,15%,457,46%,5%,49%,70,13%,56,21%,61%,18%,0%,101,19%,23%,58%,0%
2014,3,43,Schoharie,0%,1,0%,0%,100%,0,0%,7,0%,14%,86%,0%,5,0%,20%,80%,0%
2014,3,44,Schuyler,18%,11,55%,0%,45%,0,0%,3,0%,33%,67%,0%,7,0%,0%,100%,0%
2014,3,45,Seneca,1%,7,43%,0%,57%,13,23%,3,33%,67%,0%,0%,11,0%,0%,100%,0%
2014,3,40,St. Lawrence,2%,49,24%,14%,62%,127,15%,4,0%,100%,0%,0%,37,5%,8%,87%,0%
2014,3,46,Steuben,19%,140,30%,0%,70%,31,100%,13,8%,38%,54%,0%,35,6%,17%,77%,0%
2014,3,47,Suffolk,5%,437,36%,5%,59%,16,6%,239,0%,54%,46%,0%,503,6%,42%,52%,0%
2014,3,48,Sullivan,18%,330,92%,8%,0%,518,1%,4,25%,25%,50%,0%,50,10%,20%,70%,0%
2014,3,49,Tioga,18%,140,45%,0%,55%,1,0%,1,100%,0%,0%,0%,34,6%,0%,94%,0%
2014,3,50,Tompkins,4%,76,63%,0%,37%,0,0%,15,0%,33%,67%,0%,43,0%,9%,91%,0%
2014,3,51,Ulster,2%,30,57%,0%,43%,5,100%,49,4%,63%,33%,0%,72,1%,21%,78%,0%
2014,3,52,Warren,1%,14,7%,0%,93%,6,50%,6,0%,50%,50%,0%,22,18%,9%,73%,0%
2014,3,53,Washington,9%,113,17%,0%,83%,58,9%,7,14%,29%,57%,0%,39,0%,8%,92%,0%
2014,3,54,Wayne,8%,51,29%,41%,30%,1,100%,9,11%,33%,56%,0%,14,0%,14%,86%,0%
2014,3,55,Westchester,22%,530,40%,48%,12%,3,100%,158,2%,54%,44%,0%,230,8%,76%,16%,0%
2014,3,56,Wyoming,16%,98,43%,0%,57%,1,0%,2,0%,50%,50%,0%,2,0%,0%,100%,0%
2014,3,57,Yates,8%,4,25%,0%,75%,0,0%,3,0%,0%,100%,0%,8,0%,13%,87%,0%
2014,4,01,Albany,2%,58,53%,2%,45%,23,13%,19,0%,68%,32%,0%,141,4%,18%,77%,0%
2014,4,02,Allegany,7%,63,6%,8%,86%,12,58%,3,0%,0%,100%,0%,42,0%,2%,98%,0%
2014,4,03,Broome,12%,213,42%,14%,44%,7,100%,12,0%,67%,33%,0%,183,3%,8%,89%,0%
2014,4,04,Cattaraugus,9%,153,37%,0%,63%,23,52%,7,14%,43%,43%,0%,56,4%,4%,93%,0%
2014,4,05,Cayuga,32%,136,24%,8%,68%,72,4%,17,6%,65%,29%,0%,22,0%,5%,95%,0%
2014,4,06,Chautauqua,12%,177,42%,0%,58%,0,0%,14,14%,21%,64%,0%,191,4%,19%,76%,0%
2014,4,07,Chemung,23%,172,46%,0%,54%,27,48%,21,14%,10%,76%,0%,98,2%,11%,87%,0%
2014,4,08,Chenango,10%,112,18%,3%,79%,8,0%,11,0%,27%,73%,0%,40,10%,5%,85%,0%
2014,4,09,Clinton,6%,42,31%,52%,17%,1,0%,5,0%,60%,40%,0%,52,0%,13%,87%,0%
2014,4,10,Columbia,1%,6,0%,33%,67%,24,0%,2,50%,0%,50%,0%,28,0%,32%,68%,0%
2014,4,11,Cortland,28%,121,26%,2%,72%,23,13%,3,33%,0%,67%,0%,18,6%,28%,67%,0%
2014,4,12,Delaware,18%,85,69%,0%,31%,0,0%,4,0%,50%,50%,0%,30,7%,20%,73%,0%
2014,4,13,Dutchess,19%,217,54%,0%,46%,6,100%,26,19%,27%,54%,0%,83,11%,22%,67%,0%
2014,4,14,Erie,10%,415,22%,41%,37%,186,51%,137,0%,49%,51%,1%,747,7%,23%,70%,3%
2014,4,15,Essex,5%,33,67%,0%,33%,6,100%,4,0%,50%,50%,0%,17,0%,0%,100%,0%
2014,4,16,Franklin,1%,6,0%,0%,100%,4,100%,5,0%,40%,60%,0%,31,0%,6%,94%,0%
2014,4,17,Fulton,4%,26,8%,0%,92%,120,8%,11,9%,9%,82%,0%,38,0%,0%,100%,0%
2014,4,18,Genesee,14%,104,39%,7%,54%,1,0%,13,0%,38%,62%,0%,12,8%,42%,50%,0%
2014,4,19,Greene,16%,118,24%,1%,75%,12,25%,2,0%,50%,50%,0%,30,7%,17%,77%,0%
2014,4,20,Hamilton,0%,0,0%,0%,0%,0,0%,1,0%,100%,0%,0%,3,0%,0%,100%,0%
2014,4,21,Herkimer,29%,85,22%,0%,78%,0,0%,5,0%,100%,0%,0%,25,0%,12%,88%,0%
2014,4,22,Jefferson,13%,150,76%,7%,17%,0,0%,3,0%,33%,67%,0%,73,7%,11%,82%,0%
2014,4,23,Lewis,23%,28,4%,11%,85%,1,0%,6,0%,17%,83%,0%,8,0%,0%,100%,0%
2014,4,24,Livingston,0%,3,67%,0%,33%,8,0%,11,0%,27%,73%,0%,41,0%,2%,98%,0%
2014,4,25,Madison,14%,21,14%,0%,86%,0,0%,19,5%,42%,53%,0%,32,0%,19%,81%,0%
2014,4,26,Monroe,6%,1262,34%,0%,66%,42,52%,60,2%,92%,7%,0%,657,17%,31%,52%,0%
2014,4,27,Montgomery,10%,117,34%,0%,66%,8,0%,10,10%,40%,50%,0%,65,3%,6%,91%,0%
2014,4,28,Nassau,1%,24,42%,0%,58%,0,0%,32,3%,47%,50%,0%,238,18%,39%,43%,0%
2014,4,29,Niagara,4%,126,42%,0%,58%,58,43%,22,9%,73%,18%,0%,100,2%,6%,92%,0%
2014,4,66,New York City,57%,64441,72%,0%,28%,118,53%,454,4%,80%,16%,0%,3447,7%,82%,11%,0%
2014,4,30,Oneida,0%,5,40%,0%,60%,50,64%,62,2%,47%,52%,0%,183,3%,10%,87%,0%
2014,4,31,Onondaga,1%,83,31%,1%,68%,147,73%,52,13%,46%,40%,0%,352,0%,18%,82%,0%
2014,4,32,Ontario,7%,198,19%,6%,75%,8,25%,4,0%,50%,50%,0%,65,6%,6%,88%,0%
2014,4,33,Orange,5%,240,38%,23%,39%,0,0%,27,22%,48%,30%,0%,136,26%,7%,68%,0%
2014,4,34,Orleans,26%,83,51%,0%,49%,22,59%,6,0%,50%,50%,0%,7,14%,14%,71%,0%
2014,4,35,Oswego,2%,15,20%,0%,80%,19,26%,19,5%,11%,84%,0%,89,1%,16%,83%,0%
2014,4,36,Otsego,1%,3,0%,0%,100%,0,0%,0,0%,0%,0%,0%,23,26%,4%,70%,0%
2014,4,37,Putnam,3%,9,33%,0%,67%,0,0%,0,0%,0%,0%,0%,11,0%,100%,0%,0%
2014,4,38,Rensselaer,31%,404,7%,0%,93%,0,0%,0,0%,0%,0%,0%,70,7%,20%,73%,0%
2014,4,39,Rockland,2%,25,52%,0%,48%,0,0%,9,11%,44%,44%,0%,56,14%,23%,63%,0%
2014,4,41,Saratoga,4%,85,62%,4%,34%,23,39%,6,0%,50%,50%,0%,37,3%,14%,84%,0%
2014,4,42,Schenectady,19%,428,42%,6%,52%,77,6%,26,12%,62%,27%,0%,127,6%,26%,68%,0%
2014,4,43,Schoharie,0%,0,0%,0%,0%,0,0%,0,0%,0%,0%,0%,21,0%,5%,95%,0%
2014,4,44,Schuyler,21%,31,65%,0%,35%,0,0%,2,0%,0%,100%,0%,5,0%,0%,100%,0%
2014,4,45,Seneca,1%,10,10%,10%,80%,0,0%,3,33%,0%,67%,0%,15,0%,7%,93%,0%
2014,4,40,St. Lawrence,3%,67,22%,12%,66%,143,29%,7,0%,14%,86%,0%,37,5%,5%,89%,0%
2014,4,46,Steuben,26%,194,27%,0%,73%,26,100%,3,0%,67%,33%,0%,46,4%,28%,67%,0%
2014,4,47,Suffolk,5%,475,35%,5%,60%,17,76%,172,1%,59%,40%,0%,602,10%,40%,51%,0%
2014,4,48,Sullivan,13%,278,88%,12%,0%,465,2%,6,33%,33%,33%,0%,53,38%,8%,55%,0%
2014,4,49,Tioga,14%,125,42%,0%,58%,3,0%,2,0%,0%,100%,0%,27,4%,4%,93%,0%
2014,4,50,Tompkins,5%,86,65%,0%,35%,15,0%,5,0%,40%,60%,0%,45,7%,2%,91%,0%
2014,4,51,Ulster,1%,40,48%,0%,52%,0,0%,22,0%,55%,45%,0%,82,4%,32%,65%,0%
2014,4,52,Warren,1%,14,7%,0%,93%,8,38%,7,0%,43%,57%,0%,20,5%,25%,70%,0%
2014,4,53,Washington,10%,134,34%,0%,66%,0,0%,11,9%,0%,91%,0%,34,15%,12%,74%,0%
2014,4,54,Wayne,6%,68,25%,25%,50%,1,100%,12,0%,8%,92%,0%,25,4%,12%,84%,0%
2014,4,55,Westchester,21%,459,42%,45%,13%,15,20%,99,0%,54%,46%,0%,338,10%,74%,16%,0%
2014,4,56,Wyoming,18%,105,40%,2%,58%,1,100%,3,0%,67%,33%,0%,5,0%,0%,100%,0%
2014,4,57,Yates,8%,6,17%,0%,83%,0,0%,0,0%,0%,0%,0%,6,0%,0%,100%,0%
2015,1,01,Albany,1%,56,41%,0%,59%,29,7%,20,10%,60%,30%,0%,115,3%,28%,70%,0%
2015,1,02,Allegany,7%,60,12%,8%,80%,6,100%,5,0%,20%,80%,0%,12,0%,0%,100%,0%
2015,1,03,Broome,17%,312,33%,13%,54%,12,100%,9,0%,56%,44%,0%,132,2%,13%,86%,0%
2015,1,04,Cattaraugus,13%,179,42%,0%,58%,14,93%,16,13%,19%,69%,0%,39,3%,0%,97%,0%
2015,1,05,Cayuga,35%,171,23%,10%,67%,105,24%,20,30%,55%,15%,0%,19,0%,16%,84%,0%
2015,1,06,Chautauqua,14%,365,35%,0%,65%,16,31%,22,0%,32%,68%,0%,151,3%,21%,76%,0%
2015,1,07,Chemung,27%,103,50%,0%,50%,24,67%,31,13%,19%,68%,0%,54,4%,11%,85%,0%
2015,1,08,Chenango,10%,100,15%,3%,82%,7,57%,9,22%,33%,44%,0%,17,0%,0%,100%,0%
2015,1,09,Clinton,8%,33,18%,27%,55%,7,0%,7,0%,14%,86%,0%,43,0%,35%,65%,0%
2015,1,10,Columbia,0%,2,0%,0%,100%,17,0%,5,0%,40%,60%,0%,31,3%,6%,90%,0%
2015,1,11,Cortland,31%,120,17%,6%,77%,13,23%,14,21%,7%,71%,0%,15,13%,7%,80%,0%
2015,1,12,Delaware,17%,129,34%,0%,66%,0,0%,3,0%,0%,100%,0%,16,0%,0%,100%,0%
2015,1,13,Dutchess,18%,165,66%,0%,34%,9,56%,30,3%,43%,53%,0%,53,4%,17%,79%,0%
2015,1,14,Erie,9%,353,22%,39%,39%,168,50%,130,1%,50%,49%,0%,422,7%,25%,68%,1%
2015,1,15,Essex,5%,26,77%,0%,23%,10,10%,3,0%,33%,67%,0%,14,14%,0%,86%,0%
2015,1,16,Franklin,3%,10,30%,0%,70%,43,5%,16,0%,0%,100%,0%,21,0%,5%,95%,0%
2015,1,17,Fulton,6%,92,4%,1%,95%,136,13%,16,19%,25%,56%,0%,26,0%,4%,96%,0%
2015,1,18,Genesee,12%,83,40%,5%,55%,5,40%,11,18%,18%,64%,0%,13,0%,8%,92%,0%
2015,1,19,Greene,16%,112,18%,0%,82%,5,0%,5,0%,60%,40%,0%,13,8%,15%,77%,0%
2015,1,20,Hamilton,2%,0,0%,0%,0%,0,0%,2,0%,50%,50%,0%,0,0%,0%,0%,0%
2015,1,21,Herkimer,28%,83,17%,0%,83%,6,0%,8,0%,63%,38%,0%,14,29%,21%,50%,0%
2015,1,22,Jefferson,12%,134,61%,10%,29%,18,44%,2,0%,0%,100%,0%,54,6%,30%,65%,0%
2015,1,23,Lewis,10%,10,0%,0%,100%,1,0%,6,17%,17%,67%,0%,8,0%,0%,100%,0%
2015,1,24,Livingston,0%,1,100%,0%,0%,19,0%,24,4%,8%,88%,0%,26,0%,12%,88%,0%
2015,1,25,Madison,25%,43,5%,0%,95%,0,0%,15,0%,47%,53%,0%,19,0%,5%,95%,0%
2015,1,26,Monroe,7%,1539,31%,0%,69%,0,0%,106,8%,75%,17%,0%,406,7%,24%,70%,0%
2015,1,27,Montgomery,8%,94,34%,0%,66%,38,24%,14,7%,29%,64%,0%,27,11%,30%,59%,0%
2015,1,28,Nassau,1%,56,32%,0%,68%,0,0%,36,3%,31%,67%,0%,173,9%,27%,64%,0%
2015,1,29,Niagara,4%,100,33%,0%,67%,22,100%,24,25%,21%,54%,0%,93,2%,10%,88%,0%
2015,1,66,New York City,51%,56759,74%,0%,26%,76,95%,405,8%,72%,19%,0%,2315,6%,82%,12%,0%
2015,1,30,Oneida,3%,76,34%,0%,66%,77,60%,95,6%,53%,41%,0%,143,6%,9%,85%,0%
2015,1,31,Onondaga,1%,55,31%,11%,58%,174,81%,88,3%,65%,32%,0%,234,1%,12%,87%,0%
2015,1,32,Ontario,9%,154,21%,2%,77%,10,10%,7,0%,43%,57%,0%,30,0%,7%,93%,0%
2015,1,33,Orange,5%,237,38%,15%,47%,0,0%,24,13%,46%,42%,0%,91,30%,12%,58%,0%
2015,1,34,Orleans,31%,99,44%,0%,56%,0,0%,6,0%,50%,50%,0%,12,0%,0%,100%,0%
2015,1,35,Oswego,2%,10,20%,0%,80%,61,8%,11,9%,36%,55%,0%,43,5%,12%,84%,0%
2015,1,36,Otsego,1%,1,0%,0%,100%,0,0%,10,0%,10%,90%,0%,18,17%,6%,78%,0%
2015,1,37,Putnam,2%,9,56%,11%,33%,0,0%,4,0%,50%,50%,0%,14,0%,64%,36%,0%
2015,1,38,Rensselaer,38%,430,7%,0%,93%,0,0%,14,7%,36%,57%,0%,52,10%,12%,79%,0%
2015,1,39,Rockland,2%,17,41%,0%,59%,0,0%,3,0%,33%,67%,0%,50,12%,16%,72%,0%
2015,1,41,Saratoga,4%,84,77%,2%,21%,26,4%,11,27%,55%,18%,0%,31,3%,3%,94%,0%
2015,1,42,Schenectady,16%,467,40%,8%,52%,103,4%,39,31%,41%,28%,0%,86,10%,19%,71%,0%
2015,1,43,Schoharie,0%,1,100%,0%,0%,6,0%,3,0%,33%,67%,0%,8,0%,38%,63%,0%
2015,1,44,Schuyler,20%,12,75%,8%,17%,0,0%,3,0%,33%,67%,0%,7,0%,14%,86%,0%
2015,1,45,Seneca,2%,11,9%,0%,91%,0,0%,4,0%,75%,25%,0%,7,0%,0%,100%,0%
2015,1,40,St. Lawrence,3%,60,20%,13%,67%,168,26%,11,9%,36%,55%,0%,33,3%,0%,97%,0%
2015,1,46,Steuben,21%,169,18%,0%,82%,34,100%,7,0%,43%,57%,0%,27,7%,37%,56%,0%
2015,1,47,Suffolk,4%,486,25%,2%,73%,8,100%,237,6%,51%,43%,0%,429,3%,37%,61%,0%
2015,1,48,Sullivan,18%,255,88%,12%,0%,406,0%,7,0%,43%,57%,0%,52,23%,29%,48%,0%
2015,1,49,Tioga,13%,92,52%,0%,48%,10,0%,0,0%,0%,0%,0%,45,18%,0%,82%,0%
2015,1,50,Tompkins,5%,81,63%,0%,37%,0,0%,8,0%,25%,75%,0%,18,0%,6%,94%,0%
2015,1,51,Ulster,1%,24,46%,0%,54%,2,50%,30,3%,80%,17%,0%,61,0%,36%,64%,0%
2015,1,52,Warren,2%,24,25%,0%,75%,17,29%,9,22%,11%,67%,0%,28,7%,0%,93%,0%
2015,1,53,Washington,9%,76,39%,0%,61%,0,0%,11,36%,9%,55%,0%,33,3%,3%,94%,0%
2015,1,54,Wayne,8%,58,19%,17%,64%,8,88%,7,14%,0%,86%,0%,12,0%,33%,67%,0%
2015,1,55,Westchester,24%,515,48%,38%,14%,4,25%,126,2%,51%,48%,0%,199,10%,58%,33%,0%
2015,1,56,Wyoming,15%,74,31%,3%,66%,0,0%,1,0%,0%,100%,0%,15,0%,7%,93%,0%
2015,1,57,Yates,7%,3,33%,0%,67%,0,0%,4,0%,0%,100%,0%,9,0%,22%,78%,0%
2015,2,01,Albany,1%,45,53%,0%,47%,36,6%,22,0%,59%,41%,0%,138,7%,30%,63%,0%
2015,2,02,Allegany,8%,60,12%,2%,86%,12,0%,5,0%,20%,80%,0%,28,4%,14%,82%,0%
2015,2,03,Broome,10%,162,42%,10%,48%,4,100%,16,0%,44%,56%,0%,186,4%,12%,83%,0%
2015,2,04,Cattaraugus,13%,155,32%,1%,67%,0,0%,16,31%,19%,50%,0%,42,2%,12%,86%,0%
2015,2,05,Cayuga,36%,172,13%,23%,64%,84,30%,17,12%,47%,41%,0%,22,9%,0%,91%,0%
2015,2,06,Chautauqua,16%,311,33%,0%,67%,4,100%,15,27%,0%,73%,0%,154,6%,14%,80%,0%
2015,2,07,Chemung,22%,136,55%,0%,45%,17,35%,35,26%,14%,60%,0%,73,10%,10%,81%,0%
2015,2,08,Chenango,8%,64,14%,6%,80%,10,40%,20,5%,45%,50%,0%,26,4%,8%,88%,0%
2015,2,09,Clinton,8%,37,51%,27%,22%,14,0%,13,0%,31%,69%,0%,45,0%,29%,71%,0%
2015,2,10,Columbia,1%,8,13%,0%,87%,6,17%,9,0%,22%,78%,0%,31,3%,16%,81%,0%
2015,2,11,Cortland,21%,98,23%,1%,76%,6,17%,11,18%,9%,73%,0%,30,3%,17%,80%,0%
2015,2,12,Delaware,19%,126,44%,0%,56%,0,0%,2,0%,50%,50%,0%,20,0%,15%,85%,0%
2015,2,13,Dutchess,16%,155,66%,0%,34%,0,0%,35,14%,29%,57%,0%,49,12%,14%,73%,0%
2015,2,14,Erie,10%,326,26%,32%,42%,168,41%,169,1%,99%,1%,0%,509,9%,21%,71%,0%
2015,2,15,Essex,5%,20,70%,0%,30%,0,0%,4,25%,0%,75%,0%,18,0%,6%,94%,0%
2015,2,16,Franklin,2%,12,8%,0%,92%,11,82%,9,11%,22%,67%,0%,16,0%,19%,81%,0%
2015,2,17,Fulton,5%,59,7%,0%,93%,28,75%,12,17%,17%,67%,0%,30,7%,3%,90%,0%
2015,2,18,Genesee,15%,97,34%,6%,60%,2,100%,14,7%,36%,57%,0%,25,0%,0%,100%,0%
2015,2,19,Greene,17%,108,16%,2%,82%,5,20%,2,50%,50%,0%,0%,34,24%,29%,47%,0%
2015,2,20,Hamilton,13%,3,0%,0%,100%,0,0%,1,0%,0%,100%,0%,5,0%,60%,40%,0%
2015,2,21,Herkimer,26%,82,27%,0%,73%,0,0%,6,0%,50%,50%,0%,30,3%,17%,80%,0%
2015,2,22,Jefferson,9%,114,59%,13%,28%,0,0%,2,0%,0%,100%,0%,65,15%,8%,77%,0%
2015,2,23,Lewis,23%,36,3%,3%,94%,0,0%,3,33%,0%,67%,0%,4,0%,25%,75%,0%
2015,2,24,Livingston,0%,5,80%,0%,20%,7,0%,23,4%,13%,83%,0%,19,0%,5%,95%,0%
2015,2,25,Madison,28%,61,0%,0%,100%,0,0%,18,6%,61%,33%,0%,26,0%,12%,88%,0%
2015,2,26,Monroe,5%,907,49%,1%,50%,34,100%,215,10%,63%,27%,0%,535,19%,26%,55%,0%
2015,2,27,Montgomery,7%,78,27%,0%,73%,27,19%,10,10%,40%,50%,0%,36,6%,14%,81%,0%
2015,2,28,Nassau,1%,29,28%,0%,72%,0,0%,45,2%,40%,58%,0%,210,7%,31%,61%,0%
2015,2,29,Niagara,4%,83,34%,1%,65%,48,42%,29,7%,52%,41%,0%,76,11%,17%,72%,0%
2015,2,66,New York City,55%,59375,77%,0%,23%,88,10%,407,3%,75%,21%,0%,2362,4%,83%,12%,0%
2015,2,30,Oneida,6%,102,27%,0%,73%,0,0%,84,2%,50%,48%,0%,122,3%,4%,93%,0%
2015,2,31,Onondaga,2%,83,22%,2%,76%,0,0%,107,7%,46%,48%,0%,288,0%,19%,81%,0%
2015,2,32,Ontario,9%,160,18%,0%,82%,7,14%,6,0%,67%,33%,0%,34,6%,3%,91%,0%
2015,2,33,Orange,6%,210,35%,20%,45%,0,0%,44,34%,20%,45%,0%,165,28%,17%,55%,0%
2015,2,34,Orleans,25%,61,62%,0%,38%,0,0%,5,0%,80%,20%,0%,10,0%,10%,90%,0%
2015,2,35,Oswego,3%,19,26%,0%,74%,82,7%,26,0%,35%,65%,0%,58,5%,14%,81%,0%
2015,2,36,Otsego,1%,0,0%,0%,0%,0,0%,6,0%,17%,83%,0%,22,0%,0%,100%,0%
2015,2,37,Putnam,2%,7,57%,0%,43%,0,0%,2,0%,100%,0%,0%,9,0%,56%,44%,0%
2015,2,38,Rensselaer,28%,397,10%,0%,90%,0,0%,13,8%,23%,69%,0%,59,0%,14%,86%,0%
2015,2,39,Rockland,2%,35,63%,0%,37%,0,0%,18,6%,6%,89%,0%,43,7%,26%,67%,0%
2015,2,41,Saratoga,5%,82,67%,4%,29%,35,20%,13,0%,54%,46%,0%,43,7%,16%,77%,0%
2015,2,42,Schenectady,14%,439,41%,13%,46%,32,6%,45,13%,69%,18%,0%,109,7%,22%,71%,0%
2015,2,43,Schoharie,0%,0,0%,0%,0%,6,17%,2,0%,0%,100%,0%,15,0%,33%,67%,0%
2015,2,44,Schuyler,18%,13,38%,0%,62%,0,0%,4,0%,50%,50%,0%,10,0%,0%,100%,0%
2015,2,45,Seneca,2%,14,14%,7%,79%,15,0%,1,0%,100%,0%,0%,16,38%,6%,56%,0%
2015,2,40,St. Lawrence,3%,51,2%,20%,78%,147,27%,9,0%,56%,44%,0%,33,0%,0%,100%,0%
2015,2,46,Steuben,21%,171,32%,0%,68%,69,51%,9,11%,67%,22%,0%,44,7%,27%,66%,0%
2015,2,47,Suffolk,6%,700,25%,11%,64%,14,14%,228,0%,56%,44%,0%,555,13%,42%,45%,0%
2015,2,48,Sullivan,8%,75,48%,52%,0%,255,1%,3,67%,0%,33%,0%,81,5%,28%,67%,0%
2015,2,49,Tioga,18%,110,39%,0%,61%,6,0%,1,0%,0%,100%,0%,46,0%,4%,96%,0%
2015,2,50,Tompkins,6%,107,69%,0%,31%,22,0%,10,30%,20%,50%,0%,29,0%,0%,100%,0%
2015,2,51,Ulster,1%,18,61%,0%,39%,3,67%,39,5%,49%,46%,0%,59,3%,15%,81%,0%
2015,2,52,Warren,3%,20,25%,0%,75%,17,24%,7,0%,57%,43%,0%,20,0%,10%,90%,0%
2015,2,53,Washington,9%,144,22%,4%,74%,0,0%,18,17%,11%,72%,0%,46,26%,0%,74%,0%
2015,2,54,Wayne,8%,75,24%,21%,55%,2,100%,16,0%,25%,75%,0%,35,3%,0%,97%,0%
2015,2,55,Westchester,24%,492,45%,46%,9%,13,69%,165,5%,44%,51%,0%,221,7%,53%,40%,0%
2015,2,56,Wyoming,17%,91,33%,1%,66%,3,0%,2,0%,0%,100%,0%,3,0%,33%,67%,0%
2015,2,57,Yates,5%,13,0%,0%,100%,0,0%,5,0%,0%,100%,0%,4,0%,0%,100%,0%
2015,3,01,Albany,1%,41,49%,0%,51%,38,13%,19,0%,53%,47%,0%,141,8%,27%,65%,0%
2015,3,02,Allegany,7%,60,10%,8%,82%,9,0%,6,0%,17%,83%,0%,25,16%,4%,80%,0%
2015,3,03,Broome,12%,246,46%,12%,42%,10,100%,13,8%,38%,54%,0%,137,5%,7%,88%,0%
2015,3,04,Cattaraugus,9%,136,15%,1%,84%,11,73%,17,18%,41%,41%,0%,46,7%,4%,89%,0%
2015,3,05,Cayuga,40%,237,11%,12%,77%,81,15%,23,9%,74%,17%,0%,37,14%,5%,81%,0%
2015,3,06,Chautauqua,14%,325,36%,0%,64%,6,67%,15,7%,7%,87%,0%,178,5%,10%,85%,0%
2015,3,07,Chemung,21%,142,53%,0%,47%,34,59%,30,10%,23%,67%,0%,88,11%,6%,83%,0%
2015,3,08,Chenango,8%,63,38%,16%,46%,10,0%,24,0%,33%,67%,0%,10,0%,20%,80%,0%
2015,3,09,Clinton,9%,58,34%,24%,42%,22,0%,21,0%,24%,76%,0%,73,0%,7%,93%,0%
2015,3,10,Columbia,1%,12,17%,42%,41%,18,11%,6,0%,33%,67%,0%,15,7%,20%,73%,0%
2015,3,11,Cortland,28%,120,18%,8%,74%,5,20%,8,13%,38%,50%,0%,13,8%,8%,85%,0%
2015,3,12,Delaware,10%,72,49%,0%,51%,10,0%,7,14%,29%,57%,0%,40,0%,5%,95%,0%
2015,3,13,Dutchess,19%,172,75%,0%,25%,11,36%,28,14%,36%,50%,0%,96,13%,15%,73%,0%
2015,3,14,Erie,10%,469,25%,42%,33%,119,55%,196,1%,66%,33%,0%,743,7%,17%,77%,0%
2015,3,15,Essex,4%,18,83%,0%,17%,0,0%,7,14%,0%,86%,0%,12,17%,17%,67%,0%
2015,3,16,Franklin,1%,5,20%,0%,80%,14,100%,9,11%,22%,67%,0%,12,8%,0%,92%,0%
2015,3,17,Fulton,5%,92,12%,0%,88%,192,2%,8,25%,0%,75%,0%,31,0%,3%,97%,0%
2015,3,18,Genesee,14%,123,54%,2%,44%,3,0%,11,9%,18%,73%,0%,20,0%,0%,100%,0%
2015,3,19,Greene,21%,122,13%,3%,84%,3,0%,2,0%,100%,0%,0%,25,12%,8%,80%,0%
2015,3,20,Hamilton,8%,4,50%,0%,50%,2,0%,0,0%,0%,0%,0%,0,0%,0%,0%,0%
2015,3,21,Herkimer,30%,96,24%,0%,76%,2,50%,9,11%,56%,33%,0%,27,7%,4%,89%,0%
2015,3,22,Jefferson,11%,126,50%,10%,40%,0,0%,5,0%,40%,60%,0%,91,1%,8%,91%,0%
2015,3,23,Lewis,20%,31,3%,3%,94%,0,0%,1,0%,0%,100%,0%,2,0%,0%,100%,0%
2015,3,24,Livingston,0%,5,40%,0%,60%,0,0%,19,11%,16%,74%,0%,27,0%,0%,100%,0%
2015,3,25,Madison,19%,31,0%,0%,100%,0,0%,10,0%,60%,40%,0%,22,0%,27%,73%,0%
2015,3,26,Monroe,5%,823,58%,1%,41%,35,100%,257,18%,42%,40%,0%,867,22%,16%,62%,0%
2015,3,27,Montgomery,5%,61,31%,0%,69%,0,0%,13,8%,31%,62%,0%,57,16%,9%,75%,0%
2015,3,28,Nassau,1%,26,50%,0%,50%,0,0%,38,3%,34%,63%,0%,248,22%,28%,50%,0%
2015,3,29,Niagara,5%,167,72%,1%,27%,15,100%,45,4%,42%,53%,0%,123,5%,11%,84%,0%
2015,3,66,New York City,54%,60529,79%,0%,21%,67,3%,422,7%,79%,14%,0%,3111,7%,83%,10%,0%
2015,3,30,Oneida,3%,33,42%,0%,58%,0,0%,128,6%,41%,52%,0%,147,6%,7%,86%,0%
2015,3,31,Onondaga,1%,41,24%,12%,64%,0,0%,106,8%,49%,43%,0%,400,0%,17%,84%,0%
2015,3,32,Ontario,10%,142,23%,6%,71%,14,7%,7,14%,29%,57%,0%,60,2%,0%,98%,0%
2015,3,33,Orange,5%,250,31%,26%,43%,39,46%,31,10%,29%,61%,0%,158,8%,7%,85%,0%
2015,3,34,Orleans,35%,103,52%,0%,48%,0,0%,7,0%,29%,71%,0%,12,0%,0%,100%,0%
2015,3,35,Oswego,3%,16,56%,0%,44%,0,0%,25,4%,20%,76%,0%,57,11%,21%,68%,0%
2015,3,36,Otsego,1%,5,0%,0%,100%,1,100%,3,0%,67%,33%,0%,10,0%,10%,90%,0%
2015,3,37,Putnam,5%,23,26%,0%,74%,0,0%,5,0%,60%,40%,0%,13,0%,54%,46%,0%
2015,3,38,Rensselaer,27%,412,11%,0%,89%,0,0%,4,75%,0%,25%,0%,94,5%,29%,66%,0%
2015,3,39,Rockland,2%,31,45%,0%,55%,0,0%,13,23%,15%,62%,0%,71,13%,10%,77%,0%
2015,3,41,Saratoga,4%,78,67%,1%,32%,39,13%,5,0%,20%,80%,0%,68,10%,24%,66%,0%
2015,3,42,Schenectady,14%,411,40%,11%,49%,27,0%,66,17%,68%,15%,0%,122,12%,13%,75%,0%
2015,3,43,Schoharie,1%,2,50%,0%,50%,12,8%,4,0%,25%,75%,0%,8,25%,0%,75%,0%
2015,3,44,Schuyler,37%,23,48%,35%,17%,0,0%,4,0%,50%,50%,0%,3,0%,33%,67%,0%
2015,3,45,Seneca,0%,4,50%,25%,25%,20,25%,2,0%,50%,50%,0%,15,0%,7%,93%,0%
2015,3,40,St. Lawrence,3%,50,18%,32%,50%,139,19%,4,25%,0%,75%,0%,51,4%,4%,92%,0%
2015,3,46,Steuben,24%,198,33%,0%,67%,21,100%,2,0%,50%,50%,0%,49,8%,14%,78%,0%
2015,3,47,Suffolk,7%,573,26%,12%,62%,8,25%,240,8%,47%,45%,0%,720,4%,42%,54%,0%
2015,3,48,Sullivan,5%,30,40%,60%,0%,198,2%,7,14%,71%,14%,0%,35,3%,11%,86%,0%
2015,3,49,Tioga,18%,133,41%,0%,59%,10,0%,1,0%,0%,100%,0%,23,9%,0%,91%,0%
2015,3,50,Tompkins,4%,83,60%,0%,40%,9,0%,13,0%,15%,85%,0%,28,18%,4%,79%,0%
2015,3,51,Ulster,2%,32,53%,0%,47%,2,0%,43,0%,56%,44%,0%,80,3%,14%,84%,0%
2015,3,52,Warren,3%,34,24%,0%,76%,25,24%,10,0%,40%,60%,0%,37,8%,8%,84%,0%
2015,3,53,Washington,9%,90,14%,0%,86%,39,0%,12,0%,8%,92%,0%,50,2%,0%,98%,0%
2015,3,54,Wayne,7%,54,31%,31%,38%,0,0%,12,0%,42%,58%,0%,31,0%,13%,87%,0%
2015,3,55,Westchester,24%,543,43%,41%,16%,8,50%,145,2%,48%,50%,0%,281,6%,60%,34%,0%
2015,3,56,Wyoming,21%,109,40%,6%,54%,0,0%,5,0%,0%,100%,0%,3,0%,0%,100%,0%
2015,3,57,Yates,4%,0,0%,0%,0%,1,0%,5,20%,40%,40%,0%,5,20%,0%,80%,0%
2015,4,01,Albany,2%,55,60%,0%,40%,28,11%,15,13%,60%,27%,0%,174,5%,41%,54%,0%
2015,4,02,Allegany,7%,63,19%,5%,76%,3,33%,1,0%,0%,100%,0%,16,0%,6%,94%,0%
2015,4,03,Broome,13%,253,22%,13%,65%,2,100%,15,0%,73%,27%,0%,181,7%,6%,87%,4%
2015,4,04,Cattaraugus,10%,164,19%,0%,81%,21,48%,14,14%,43%,43%,0%,71,4%,1%,94%,0%
2015,4,05,Cayuga,40%,236,11%,10%,79%,50,60%,20,20%,30%,50%,0%,22,23%,0%,77%,0%
2015,4,06,Chautauqua,15%,257,49%,0%,51%,6,100%,7,0%,29%,71%,0%,194,4%,7%,89%,0%
2015,4,07,Chemung,24%,134,40%,0%,60%,21,95%,33,18%,21%,61%,0%,85,4%,7%,89%,0%
2015,4,08,Chenango,10%,101,32%,18%,50%,13,46%,10,10%,0%,90%,0%,23,0%,0%,100%,0%
2015,4,09,Clinton,10%,49,53%,14%,33%,9,0%,8,13%,38%,50%,0%,47,0%,11%,89%,0%
2015,4,10,Columbia,0%,4,25%,50%,25%,14,7%,7,0%,29%,71%,0%,36,0%,17%,83%,0%
2015,4,11,Cortland,32%,124,23%,8%,69%,1,100%,7,14%,29%,57%,0%,32,3%,3%,94%,0%
2015,4,12,Delaware,4%,28,25%,0%,75%,8,0%,3,0%,0%,100%,0%,29,3%,14%,83%,0%
2015,4,13,Dutchess,17%,186,61%,0%,39%,2,100%,28,18%,14%,68%,0%,74,11%,22%,68%,0%
2015,4,14,Erie,10%,315,23%,43%,34%,134,20%,200,5%,37%,58%,0%,681,8%,22%,70%,0%
2015,4,15,Essex,5%,26,81%,0%,19%,6,83%,7,14%,29%,57%,0%,8,25%,0%,75%,0%
2015,4,16,Franklin,1%,3,33%,0%,67%,5,0%,20,10%,10%,80%,0%,36,0%,3%,97%,0%
2015,4,17,Fulton,8%,144,16%,2%,82%,162,17%,9,0%,22%,78%,0%,32,0%,3%,97%,0%
2015,4,18,Genesee,15%,103,39%,3%,58%,0,0%,13,8%,54%,38%,0%,16,0%,0%,100%,0%
2015,4,19,Greene,14%,111,22%,2%,76%,6,0%,1,0%,100%,0%,0%,18,0%,6%,94%,0%
2015,4,20,Hamilton,2%,0,0%,0%,0%,0,0%,0,0%,0%,0%,0%,4,0%,0%,100%,0%
2015,4,21,Herkimer,35%,117,22%,0%,78%,4,100%,8,13%,75%,13%,0%,40,5%,3%,93%,0%
2015,4,22,Jefferson,8%,129,52%,8%,40%,1,100%,6,17%,50%,33%,0%,88,7%,16%,77%,0%
2015,4,23,Lewis,20%,21,0%,0%,100%,1,0%,3,33%,0%,67%,0%,20,0%,15%,85%,0%
2015,4,24,Livingston,0%,1,0%,0%,100%,2,0%,12,0%,67%,33%,0%,38,8%,8%,84%,0%
2015,4,25,Madison,25%,51,8%,0%,92%,0,0%,12,8%,50%,42%,0%,23,9%,9%,83%,0%
2015,4,26,Monroe,5%,1190,38%,1%,61%,33,48%,206,10%,51%,39%,0%,810,16%,15%,69%,0%
2015,4,27,Montgomery,7%,92,29%,0%,71%,38,0%,15,13%,27%,60%,0%,82,13%,10%,77%,0%
2015,4,28,Nassau,1%,23,22%,0%,78%,0,0%,37,11%,41%,49%,0%,183,11%,33%,56%,0%
2015,4,29,Niagara,4%,151,64%,0%,36%,36,50%,25,32%,40%,28%,0%,124,13%,3%,84%,0%
2015,4,66,New York City,57%,59128,79%,0%,21%,50,100%,414,10%,74%,17%,2%,3599,6%,85%,9%,0%
2015,4,30,Oneida,3%,22,45%,0%,55%,0,0%,70,3%,60%,37%,0%,153,1%,10%,89%,0%
2015,4,31,Onondaga,1%,74,26%,11%,63%,42,100%,99,6%,52%,42%,0%,393,0%,14%,86%,0%
2015,4,32,Ontario,8%,158,20%,9%,71%,7,100%,7,14%,29%,57%,0%,73,21%,7%,73%,0%
2015,4,33,Orange,5%,320,35%,19%,46%,113,22%,30,10%,47%,43%,0%,177,13%,0%,87%,0%
2015,4,34,Orleans,29%,84,52%,0%,48%,61,16%,3,0%,67%,33%,0%,32,0%,0%,100%,0%
2015,4,35,Oswego,5%,21,24%,0%,76%,23,65%,33,3%,33%,64%,0%,74,4%,7%,89%,0%
2015,4,36,Otsego,2%,8,0%,0%,100%,0,0%,6,0%,33%,67%,0%,40,13%,10%,78%,0%
2015,4,37,Putnam,3%,13,31%,0%,69%,0,0%,3,0%,33%,67%,0%,20,0%,35%,65%,0%
2015,4,38,Rensselaer,23%,314,12%,0%,88%,9,0%,8,25%,25%,50%,0%,90,10%,28%,62%,0%
2015,4,39,Rockland,2%,18,44%,0%,56%,35,17%,14,21%,14%,64%,0%,90,6%,19%,76%,0%
2015,4,41,Saratoga,3%,86,63%,1%,36%,12,58%,17,6%,65%,29%,0%,52,0%,15%,85%,0%
2015,4,42,Schenectady,12%,401,45%,11%,44%,34,3%,40,13%,55%,33%,0%,139,20%,14%,66%,0%
2015,4,43,Schoharie,3%,10,50%,0%,50%,7,0%,1,0%,0%,100%,0%,6,0%,50%,50%,0%
2015,4,44,Schuyler,14%,15,67%,0%,33%,5,0%,6,0%,17%,83%,0%,20,0%,25%,75%,0%
2015,4,45,Seneca,1%,10,30%,0%,70%,11,64%,5,0%,20%,80%,0%,22,0%,18%,82%,0%
2015,4,40,St. Lawrence,2%,51,22%,16%,62%,111,25%,2,0%,0%,100%,0%,47,0%,2%,98%,0%
2015,4,46,Steuben,25%,178,34%,0%,66%,20,100%,2,0%,0%,100%,0%,40,0%,33%,68%,0%
2015,4,47,Suffolk,8%,677,30%,14%,56%,9,44%,216,2%,50%,49%,0%,611,1%,47%,52%,0%
2015,4,48,Sullivan,5%,40,53%,47%,0%,150,0%,2,0%,100%,0%,0%,46,7%,9%,85%,0%
2015,4,49,Tioga,9%,72,61%,0%,39%,4,0%,1,0%,100%,0%,0%,30,0%,7%,93%,0%
2015,4,50,Tompkins,6%,112,36%,0%,64%,24,0%,10,0%,40%,60%,0%,47,0%,9%,91%,0%
2015,4,51,Ulster,2%,46,65%,0%,35%,1,0%,44,0%,45%,55%,0%,98,1%,40%,59%,0%
2015,4,52,Warren,2%,33,9%,0%,91%,11,55%,5,0%,60%,40%,0%,25,8%,0%,92%,0%
2015,4,53,Washington,6%,124,19%,0%,81%,62,5%,5,40%,40%,20%,0%,33,6%,6%,88%,0%
2015,4,54,Wayne,6%,48,17%,35%,48%,2,50%,11,0%,36%,64%,0%,55,0%,0%,100%,0%
2015,4,55,Westchester,23%,377,44%,45%,11%,4,0%,134,5%,43%,51%,0%,327,12%,54%,34%,0%
2015,4,56,Wyoming,19%,102,39%,5%,56%,0,0%,3,0%,33%,67%,0%,6,0%,17%,83%,0%
2015,4,57,Yates,4%,12,33%,0%,67%,0,0%,5,0%,0%,100%,0%,10,0%,20%,80%,0%
2015,3,01,Albany,2%,52,50%,0%,50%,39,0%,27,0%,88.89%,11.11%,0%,157,1.27%,26.75%,71.97%,0%
2015,3,02,Allegany,8%,56,5%,0%,95%,6,100%,0,0%,0%,0%,0%,25,0%,16%,84%,0%
2015,3,03,Broome,11%,182,41%,15%,44%,7,100%,12,0%,66.67%,33.33%,0%,189,8.99%,7.94%,83.07%,0%
2015,3,04,Cattaraugus,13%,155,26%,2%,72%,15,40%,7,28.57%,28.57%,42.86%,0%,52,0%,5.77%,94.23%,0%
2015,3,05,Cayuga,18%,90,16%,20%,64%,51,9.8%,13,0%,53.85%,46.15%,0%,43,0%,4.65%,95.35%,0%
2015,3,06,Chautauqua,13%,299,31%,0%,69%,3,100%,8,12.5%,50%,37.5%,0%,180,1.11%,7.22%,91.67%,0%
2015,3,07,Chemung,26%,143,45%,0%,55%,18,100%,34,23.53%,23.53%,52.94%,0%,62,8.06%,6.45%,85.48%,0%
2015,3,08,Chenango,11%,85,19%,13%,68%,13,23.08%,8,0%,25%,75%,0%,29,0%,6.9%,93.1%,0%
2015,3,09,Clinton,10%,43,56%,23%,21%,2,100%,25,0%,32%,68%,0%,76,0%,13.16%,86.84%,0%
2015,3,10,Columbia,1%,5,20%,60%,20%,6,83.33%,4,0%,25%,75%,0%,43,0%,11.63%,88.37%,0%
2015,3,11,Cortland,29%,93,10%,11%,79%,6,100%,8,12.5%,12.5%,75%,0%,20,0%,10%,90%,0%
2015,3,12,Delaware,1%,7,14%,0%,86%,2,0%,2,0%,0%,100%,0%,21,0%,9.52%,90.48%,0%
2015,3,13,Dutchess,17%,171,61%,0%,39%,9,100%,28,10.71%,25%,64.29%,0%,59,10.17%,18.64%,71.19%,0%
2015,3,14,Erie,11%,364,24%,29%,47%,127,87.4%,129,12.4%,30.23%,57.36%,0%,588,4.93%,13.27%,81.8%,0%
2015,3,15,Essex,3%,11,9%,0%,91%,4,25%,3,0%,33.33%,66.67%,0%,43,0%,2.33%,97.67%,0%
2015,3,16,Franklin,1%,6,33%,0%,67%,14,100%,13,15.38%,0%,84.62%,0%,24,0%,4.17%,95.83%,0%
2015,3,17,Fulton,5%,58,12%,3%,85%,231,29%,13,15.38%,15.38%,69.23%,0%,28,0%,3.57%,96.43%,0%
2015,3,18,Genesee,7%,59,31%,7%,62%,1,100%,13,0%,38.46%,61.54%,0%,7,14.29%,0%,85.71%,0%
2015,3,19,Greene,18%,115,14%,2%,84%,9,88.89%,2,0%,50%,50%,0%,16,0%,31.25%,68.75%,0%
2015,3,20,Hamilton,7%,2,100%,0%,0%,0,0%,0,0%,0%,0%,0%,1,0%,0%,100%,0%
2015,3,21,Herkimer,26%,90,16%,0%,84%,3,0%,7,14.29%,71.43%,14.29%,0%,42,14.29%,9.52%,76.19%,0%
2015,3,22,Jefferson,13%,142,42%,5%,53%,0,0%,3,0%,33.33%,66.67%,0%,92,1.09%,7.61%,91.3%,0%
2015,3,23,Lewis,21%,37,0%,0%,100%,0,0%,5,0%,0%,100%,0%,22,0%,0%,100%,0%
2015,3,24,Livingston,0%,3,67%,0%,33%,0,0%,18,0%,38.89%,61.11%,0%,43,0%,6.98%,93.02%,0%
2015,3,25,Madison,14%,35,0%,0%,100%,2,0%,14,0%,57.14%,42.86%,0%,18,11.11%,11.11%,77.78%,0%
2015,3,26,Monroe,4%,858,51%,2%,47%,22,100%,164,8.54%,49.39%,42.07%,0%,668,10.93%,15.42%,73.65%,0%
2015,3,27,Montgomery,6%,42,10%,0%,90%,8,0%,10,20%,20%,60%,0%,61,1.64%,11.48%,86.89%,0%
2015,3,28,Nassau,1%,19,42%,0%,58%,0,0%,34,2.94%,47.06%,50%,0%,159,11.32%,57.86%,30.82%,0%
2015,3,66,New York City,54%,57932,79%,0%,21%,96,100%,322,11.8%,73.29%,14.91%,0%,2893,4.7%,80.3%,15%,0%
2015,3,29,Niagara,3%,109,78%,0%,22%,54,100%,22,18.18%,31.82%,50%,0%,122,12.3%,13.93%,73.77%,0%
2015,3,30,Oneida,5%,70,36%,0%,64%,10,90%,72,6.94%,50%,43.06%,0%,166,1.81%,9.64%,88.55%,0%
2015,3,31,Onondaga,2%,93,28%,9%,63%,40,100%,86,20.93%,39.53%,39.53%,0%,321,0.93%,14.02%,85.05%,0%
2015,3,32,Ontario,10%,141,26%,4%,70%,7,100%,4,25%,50%,25%,0%,46,4.35%,2.17%,93.48%,0%
2015,3,33,Orange,6%,211,38%,17%,45%,132,25.76%,37,43.24%,18.92%,37.84%,0%,142,6.34%,16.9%,76.76%,0%
2015,3,34,Orleans,26%,82,51%,0%,49%,27,100%,4,0%,25%,75%,0%,22,0%,0%,100%,0%
2015,3,35,Oswego,5%,28,14%,0%,86%,23,100%,20,5%,35%,60%,0%,76,1.32%,11.84%,86.84%,0%
2015,3,36,Otsego,2%,7,29%,0%,71%,4,50%,7,0%,28.57%,71.43%,0%,21,9.52%,4.76%,85.71%,0%
2015,3,37,Putnam,3%,9,44%,0%,56%,1,0%,2,0%,50%,50%,0%,10,0%,50%,50%,0%
2015,3,38,Rensselaer,23%,305,11%,0%,89%,7,42.86%,4,0%,50%,50%,0%,92,5.43%,15.22%,79.35%,0%
2015,3,39,Rockland,2%,17,71%,0%,29%,35,17.14%,7,0%,42.86%,57.14%,0%,60,8.33%,23.33%,68.33%,0%
2015,3,41,Saratoga,5%,70,63%,4%,33%,27,74.07%,3,0%,0%,100%,0%,60,0%,5%,95%,0%
2015,3,42,Schenectady,14%,420,44%,12%,44%,58,0%,29,10.34%,44.83%,44.83%,0%,129,4.65%,10.08%,85.27%,0%
2015,3,43,Schoharie,8%,37,57%,0%,43%,7,14.29%,0,0%,0%,0%,0%,13,23.08%,23.08%,53.85%,0%
2015,3,44,Schuyler,41%,24,46%,4%,50%,0,0%,2,0%,0%,100%,0%,8,0%,0%,100%,0%
2015,3,45,Seneca,3%,18,0%,11%,89%,13,100%,4,0%,25%,75%,0%,13,0%,38.46%,61.54%,0%
2015,3,40,St. Lawrence,3%,59,22%,12%,66%,147,27.21%,4,0%,50%,50%,0%,34,2.94%,2.94%,94.12%,0%
2015,3,46,Steuben,20%,123,34%,0%,66%,11,100%,9,11.11%,11.11%,77.78%,0%,47,0%,23.4%,76.6%,0%
2015,3,47,Suffolk,7%,590,38%,9%,53%,38,50%,190,0%,60%,40%,0%,665,0.75%,46.62%,52.63%,0%
2015,3,48,Sullivan,5%,27,48%,52%,0%,156,1.92%,4,0%,50%,50%,0%,41,0%,29.27%,70.73%,0%
2015,3,49,Tioga,9%,55,49%,0%,51%,3,0%,6,16.67%,50%,33.33%,0%,39,0%,7.69%,92.31%,0%
2015,3,50,Tompkins,14%,205,30%,0%,70%,15,46.67%,4,0%,75%,25%,0%,43,2.33%,6.98%,90.7%,0%
2015,3,51,Ulster,5%,44,43%,0%,57%,8,12.5%,41,2.44%,56.1%,41.46%,0%,70,1.43%,27.14%,71.43%,0%
2015,3,52,Warren,2%,17,6%,0%,94%,30,36.67%,6,0%,16.67%,83.33%,0%,38,2.63%,2.63%,94.74%,0%
2015,3,53,Washington,16%,127,17%,0%,83%,6,100%,7,42.86%,0%,57.14%,0%,71,1.41%,4.23%,94.37%,0%
2015,3,54,Wayne,7%,51,24%,39%,37%,5,80%,7,0%,42.86%,57.14%,0%,38,0%,18.42%,81.58%,0%
2015,3,55,Westchester,26%,414,42%,45%,13%,5,60%,112,15.18%,45.54%,39.29%,0%,283,12.72%,21.2%,66.08%,0%
2015,3,56,Wyoming,20%,80,38%,1%,61%,3,100%,2,0%,50%,50%,0%,13,0%,0%,100%,0%
2015,3,57,Yates,4%,0,0%,0%,0%,6,0%,2,0%,50%,50%,0%,12,8.33%,16.67%,75%,0%
2016,3,01,Albany,1%,36,28%,0%,72%,41,0%,57,1.75%,19.3%,78.95%,0%,120,12.5%,22.5%,65%,0%
2016,3,02,Allegany,9%,71,8%,1%,91%,6,100%,7,28.57%,0%,71.43%,0%,28,3.57%,10.71%,85.71%,0%
2016,3,03,Broome,8%,135,40%,7%,53%,5,100%,17,0%,47.06%,52.94%,0%,109,0.92%,10.09%,88.99%,0%
2016,3,04,Cattaraugus,11%,143,27%,0%,73%,4,25%,22,13.64%,27.27%,59.09%,0%,27,3.7%,0%,96.3%,0%
2016,3,05,Cayuga,27%,133,20%,8%,72%,24,37.5%,29,27.59%,34.48%,37.93%,0%,33,0%,12.12%,87.88%,0%
2016,3,06,Chautauqua,10%,203,31%,0%,69%,0,0%,17,17.65%,5.88%,76.47%,0%,121,12.4%,11.57%,76.03%,0%
2016,3,07,Chemung,24%,126,35%,0%,65%,21,100%,28,35.71%,25%,39.29%,0%,48,10.42%,4.17%,85.42%,0%
2016,3,08,Chenango,8%,67,24%,7%,69%,13,30.77%,16,12.5%,18.75%,68.75%,0%,22,0%,0%,100%,0%
2016,3,09,Clinton,7%,37,35%,27%,38%,13,7.69%,15,0%,80%,20%,0%,33,0%,27.27%,72.73%,0%
2016,3,10,Columbia,1%,9,22%,44%,34%,14,0%,11,0%,9.09%,90.91%,0%,15,0%,46.67%,53.33%,0%
2016,3,11,Cortland,13%,61,11%,10%,79%,12,25%,6,0%,50%,50%,0%,16,6.25%,0%,93.75%,0%
2016,3,12,Delaware,2%,10,0%,0%,100%,3,100%,10,0%,10%,90%,0%,26,3.85%,15.38%,80.77%,0%
2016,3,13,Dutchess,17%,163,63%,0%,37%,3,100%,30,6.67%,20%,73.33%,0%,60,3.33%,20%,76.67%,0%
2016,3,14,Erie,9%,364,30%,29%,41%,53,100%,157,12.1%,22.93%,64.97%,0%,626,5.27%,13.74%,80.99%,0%
2016,3,15,Essex,3%,16,0%,0%,100%,1,100%,6,0%,16.67%,83.33%,0%,16,0%,12.5%,87.5%,0%
2016,3,16,Franklin,1%,2,0%,0%,100%,20,95%,12,0%,25%,75%,0%,21,0%,9.52%,90.48%,0%
2016,3,17,Fulton,7%,86,2%,0%,98%,205,18.05%,16,12.5%,37.5%,50%,0%,17,0%,0%,100%,0%
2016,3,18,Genesee,7%,52,42%,2%,56%,1,0%,14,7.14%,28.57%,64.29%,0%,5,20%,0%,80%,0%
2016,3,19,Greene,19%,111,13%,5%,82%,15,60%,7,14.29%,28.57%,57.14%,0%,7,0%,0%,100%,0%
2016,3,20,Hamilton,7%,4,50%,25%,25%,2,0%,0,0%,0%,0%,0%,0,0%,0%,0%,0%
2016,3,21,Herkimer,24%,70,11%,0%,89%,6,16.67%,13,23.08%,53.85%,23.08%,0%,34,11.76%,17.65%,70.59%,0%
2016,3,22,Jefferson,10%,87,49%,8%,43%,0,0%,6,0%,16.67%,83.33%,0%,56,8.93%,0%,91.07%,0%
2016,3,23,Lewis,31%,31,3%,0%,97%,3,0%,3,0%,0%,100%,0%,9,22.22%,0%,77.78%,0%
2016,3,24,Livingston,0%,2,50%,0%,50%,0,0%,21,4.76%,0%,95.24%,0%,23,0%,8.7%,91.3%,0%
2016,3,25,Madison,14%,18,0%,0%,100%,5,20%,18,22.22%,50%,27.78%,0%,23,26.09%,8.7%,65.22%,0%
2016,3,26,Monroe,5%,898,54%,1%,45%,44,86.36%,260,18.85%,33.46%,47.69%,0%,560,11.96%,15%,73.04%,0%
2016,3,27,Montgomery,5%,65,20%,5%,75%,6,0%,12,0%,8.33%,91.67%,0%,72,9.72%,5.56%,84.72%,0%
2016,3,28,Nassau,1%,18,44%,0%,56%,0,0%,45,8.89%,24.44%,66.67%,0%,128,11.72%,50%,38.28%,0%
2016,3,66,New York City,56%,63874,80%,0%,20%,80,65%,449,14.25%,63.92%,21.83%,0%,1960,6.02%,84.23%,9.74%,0%
2016,3,29,Niagara,3%,129,78%,0%,22%,61,50.82%,35,14.29%,17.14%,68.57%,0%,88,12.5%,6.82%,80.68%,0%
2016,3,30,Oneida,3%,53,36%,4%,60%,14,100%,74,16.22%,35.14%,48.65%,0%,170,4.71%,8.82%,86.47%,0%
2016,3,31,Onondaga,1%,66,23%,6%,71%,49,100%,129,21.71%,39.53%,38.76%,0%,252,0.79%,10.32%,88.89%,0%
2016,3,32,Ontario,10%,126,24%,11%,65%,11,36.36%,11,0%,9.09%,90.91%,0%,29,13.79%,13.79%,72.41%,0%
2016,3,33,Orange,4%,234,39%,17%,44%,160,15.63%,39,12.82%,30.77%,56.41%,0%,97,23.71%,6.19%,70.1%,0%
2016,3,34,Orleans,25%,80,49%,0%,51%,6,0%,11,0%,45.45%,54.55%,0%,24,0%,8.33%,91.67%,0%
2016,3,35,Oswego,3%,24,17%,0%,83%,4,100%,32,15.63%,12.5%,71.88%,0%,45,2.22%,11.11%,86.67%,0%
2016,3,36,Otsego,1%,4,25%,0%,75%,1,100%,4,0%,0%,100%,0%,18,11.11%,5.56%,83.33%,0%
2016,3,37,Putnam,5%,15,27%,0%,73%,0,0%,2,0%,0%,100%,0%,7,0%,85.71%,14.29%,0%
2016,3,38,Rensselaer,17%,237,8%,0%,92%,20,25%,15,13.33%,13.33%,73.33%,0%,59,6.78%,35.59%,57.63%,0%
2016,3,39,Rockland,2%,28,54%,0%,46%,46,0%,9,33.33%,22.22%,44.44%,0%,25,20%,16%,64%,0%
2016,3,41,Saratoga,5%,87,60%,2%,38%,60,35%,13,0%,30.77%,69.23%,0%,27,11.11%,14.81%,74.07%,0%
2016,3,42,Schenectady,12%,414,44%,6%,50%,66,0%,63,17.46%,25.4%,57.14%,0%,85,12.94%,7.06%,80%,0%
2016,3,43,Schoharie,7%,37,68%,0%,32%,3,33.33%,7,0%,14.29%,85.71%,0%,14,0%,0%,100%,0%
2016,3,44,Schuyler,26%,36,72%,0%,28%,0,0%,1,0%,0%,100%,0%,16,6.25%,25%,68.75%,0%
2016,3,45,Seneca,4%,23,9%,0%,91%,10,0%,2,0%,0%,100%,0%,19,0%,15.79%,84.21%,0%
2016,3,40,St. Lawrence,3%,48,13%,19%,68%,174,25.86%,10,0%,0%,100%,0%,49,0%,2.04%,97.96%,0%
2016,3,46,Steuben,18%,117,37%,0%,63%,18,100%,15,0%,6.67%,93.33%,0%,30,0%,16.67%,83.33%,0%
2016,3,47,Suffolk,8%,576,36%,11%,53%,34,47.06%,204,2.45%,46.08%,51.47%,0%,388,5.41%,49.23%,45.36%,0%
2016,3,48,Sullivan,5%,33,36%,64%,0%,197,0%,15,6.67%,46.67%,46.67%,0%,45,2.22%,22.22%,75.56%,0%
2016,3,49,Tioga,11%,80,61%,0%,39%,5,0%,3,0%,33.33%,66.67%,0%,22,18.18%,4.55%,77.27%,0%
2016,3,50,Tompkins,16%,278,19%,0%,81%,10,70%,13,0%,0%,100%,0%,34,2.94%,0%,97.06%,0%
2016,3,51,Ulster,4%,59,36%,0%,64%,7,100%,34,0%,41.18%,58.82%,0%,58,0%,24.14%,75.86%,0%
2016,3,52,Warren,3%,24,4%,0%,96%,16,81.25%,13,0%,0%,100%,0%,24,16.67%,0%,83.33%,0%
2016,3,53,Washington,9%,116,20%,0%,80%,20,45%,7,0%,28.57%,71.43%,0%,43,0%,9.3%,90.7%,0%
2016,3,54,Wayne,6%,43,44%,26%,30%,5,80%,13,7.69%,15.38%,76.92%,0%,19,0%,5.26%,94.74%,0%
2016,3,55,Westchester,23%,410,38%,48%,14%,9,33.33%,124,9.68%,36.29%,54.03%,0%,163,12.88%,32.52%,54.6%,0%
2016,3,56,Wyoming,23%,111,32%,5%,63%,0,0%,2,0%,0%,100%,0%,0,0%,0%,0%,0%
2016,3,57,Yates,27%,25,52%,0%,48%,1,0%,8,0%,0%,100%,0%,5,0%,0%,100%,0%
2016,4,01,Albany,1%,37,41%,0%,59%,25,40%,20,0%,60%,40%,0%,200,2.5%,27%,70.5%,0%
2016,4,02,Allegany,10%,51,6%,0%,94%,3,33.33%,2,0%,0%,100%,0%,41,0%,12.2%,87.8%,0%
2016,4,03,Broome,8%,178,38%,15%,47%,84,54.76%,17,0%,52.94%,47.06%,0%,199,1.01%,13.07%,85.93%,0%
2016,4,04,Cattaraugus,9%,117,17%,0%,83%,0,0%,17,35.29%,35.29%,29.41%,0%,48,7.89%,0%,92.11%,20.83%
2016,4,05,Cayuga,18%,103,17%,15%,68%,29,100%,11,18.18%,36.36%,45.45%,0%,44,9.09%,6.82%,84.09%,0%
2016,4,06,Chautauqua,10%,201,29%,45%,26%,0,0%,17,23.53%,11.76%,64.71%,0%,189,4.76%,13.76%,81.48%,0%
2016,4,07,Chemung,24%,128,47%,0%,53%,73,35.62%,26,11.54%,23.08%,65.38%,0%,93,5.38%,2.15%,92.47%,0%
2016,4,08,Chenango,12%,99,35%,9%,56%,10,100%,8,12.5%,12.5%,75%,0%,32,0%,12.5%,87.5%,0%
2016,4,09,Clinton,8%,48,58%,21%,21%,5,0%,4,0%,25%,75%,0%,62,0%,20.97%,79.03%,0%
2016,4,10,Columbia,3%,15,27%,73%,0%,95,0%,2,0%,0%,100%,0%,33,0%,12.12%,87.88%,0%
2016,4,11,Cortland,8%,25,4%,16%,80%,8,37.5%,10,0%,40%,60%,0%,26,3.85%,23.08%,73.08%,0%
2016,4,12,Delaware,3%,11,36%,0%,64%,14,0%,1,100%,0%,0%,0%,35,2.86%,5.71%,91.43%,0%
2016,4,13,Dutchess,13%,158,50%,0%,50%,26,26.92%,20,0%,45%,55%,0%,95,10.53%,17.89%,71.58%,0%
2016,4,14,Erie,7%,309,24%,42%,34%,1024,6.74%,162,11.11%,27.16%,61.73%,0%,835,14.39%,10.19%,75.42%,0.12%
2016,4,15,Essex,3%,4,25%,0%,75%,12,75%,2,0%,0%,100%,0%,14,14.29%,0%,85.71%,0%
2016,4,16,Franklin,2%,4,25%,0%,75%,9,100%,17,0%,11.76%,88.24%,0%,28,0%,10.71%,89.29%,0%
2016,4,17,Fulton,8%,59,25%,12%,63%,287,14.29%,11,0%,45.45%,54.55%,0%,55,7.27%,7.27%,85.45%,0%
2016,4,18,Genesee,10%,93,44%,2%,54%,1,0%,5,0%,20%,80%,0%,8,0%,25%,75%,0%
2016,4,19,Greene,25%,45,36%,0%,64%,3,0%,6,0%,66.67%,33.33%,0%,33,0%,30.3%,69.7%,0%
2016,4,20,Hamilton,0%,0,0%,0%,0%,0,0%,0,0%,0%,0%,0%,0,0%,0%,0%,0%
2016,4,21,Herkimer,32%,52,25%,0%,75%,1,100%,7,0%,71.43%,28.57%,0%,46,2.17%,8.7%,89.13%,0%
2016,4,22,Jefferson,9%,71,32%,0%,68%,0,0%,5,0%,60%,40%,0%,90,5.56%,8.89%,85.56%,0%
2016,4,23,Lewis,22%,10,0%,10%,90%,0,0%,4,25%,50%,25%,0%,18,11.11%,5.56%,83.33%,0%
2016,4,24,Livingston,0%,2,0%,0%,100%,0,0%,15,0%,20%,80%,0%,41,4.88%,2.44%,92.68%,0%
2016,4,25,Madison,7%,8,0%,0%,100%,1,100%,4,0%,50%,50%,0%,43,4.65%,6.98%,88.37%,0%
2016,4,26,Monroe,7%,1283,55%,1%,44%,149,38.26%,157,3.18%,62.42%,34.39%,0%,916,20.52%,14.3%,65.17%,0%
2016,4,27,Montgomery,3%,37,19%,5%,76%,4,0%,9,0%,66.67%,33.33%,0%,90,0%,3.33%,96.67%,0%
2016,4,28,Nassau,1%,15,27%,0%,73%,0,0%,41,4.88%,29.27%,65.85%,0%,231,15.58%,48.05%,36.36%,0%
2016,4,66,New York City,46%,52447,77%,0%,23%,4399,1%,427,9.84%,70.02%,20.14%,0%,3325,7.25%,78.84%,13.91%,0.09%
2016,4,29,Niagara,3%,153,71%,0%,29%,166,33.73%,34,14.71%,44.12%,41.18%,0%,128,4.69%,9.38%,85.94%,0%
2016,4,30,Oneida,3%,89,29%,0%,71%,97,4.12%,71,7.04%,52.11%,40.85%,0%,218,1.38%,10.55%,88.07%,0%
2016,4,31,Onondaga,2%,53,4%,13%,83%,80,75%,89,14.61%,41.57%,43.82%,0%,495,0%,11.72%,88.28%,0%
2016,4,32,Ontario,15%,196,11%,18%,71%,9,77.78%,7,42.86%,0%,57.14%,0%,86,4.65%,0%,95.35%,0%
2016,4,33,Orange,5%,225,32%,17%,51%,219,15.07%,22,18.18%,18.18%,63.64%,0%,174,6.9%,14.37%,78.74%,0%
2016,4,34,Orleans,22%,49,20%,0%,80%,5,100%,2,0%,50%,50%,0%,27,0%,33.33%,66.67%,0%
2016,4,35,Oswego,2%,14,29%,0%,71%,13,23.08%,11,0%,36.36%,63.64%,0%,74,4.05%,9.46%,86.49%,0%
2016,4,36,Otsego,1%,3,0%,0%,100%,2,100%,3,33.33%,0%,66.67%,0%,21,9.52%,9.52%,80.95%,0%
2016,4,37,Putnam,2%,7,57%,0%,43%,3,0%,2,0%,50%,50%,0%,14,0%,28.57%,71.43%,0%
2016,4,38,Rensselaer,16%,235,15%,0%,85%,6,100%,7,14.29%,71.43%,14.29%,0%,91,13.19%,28.57%,58.24%,0%
2016,4,39,Rockland,2%,24,63%,0%,37%,26,0%,10,0%,40%,60%,0%,38,15.79%,21.05%,63.16%,0%
2016,4,41,Saratoga,4%,85,58%,1%,41%,45,17.78%,7,0%,85.71%,14.29%,0%,71,5.63%,8.45%,85.92%,0%
2016,4,42,Schenectady,15%,252,38%,17%,45%,125,0.8%,43,18.6%,39.53%,41.86%,0%,137,9.49%,14.6%,75.91%,0%
2016,4,43,Schoharie,6%,35,49%,0%,51%,4,0%,2,0%,50%,50%,0%,8,12.5%,0%,87.5%,0%
2016,4,44,Schuyler,29%,33,88%,0%,12%,0,0%,1,0%,100%,0%,0%,12,0%,16.67%,83.33%,0%
2016,4,45,Seneca,2%,13,0%,0%,100%,60,23.33%,4,0%,25%,75%,0%,16,0%,18.75%,81.25%,0%
2016,4,40,St. Lawrence,3%,54,9%,13%,78%,57,54.39%,4,0%,50%,50%,0%,53,3.77%,5.66%,90.57%,0%
2016,4,46,Steuben,29%,215,45%,0%,55%,17,100%,10,20%,20%,60%,0%,56,7.14%,1.79%,91.07%,0%
2016,4,47,Suffolk,6%,331,52%,11%,37%,41,90.24%,141,4.96%,50.35%,44.68%,0%,722,1.94%,44.32%,53.74%,0%
2016,4,48,Sullivan,8%,49,41%,59%,0%,188,0%,4,0%,75%,25%,0%,70,8.57%,22.86%,68.57%,0%
2016,4,49,Tioga,10%,75,56%,44%,0%,0,0%,2,0%,100%,0%,0%,20,5%,5%,90%,0%
2016,4,50,Tompkins,5%,97,26%,0%,74%,4,0%,7,0%,57.14%,42.86%,0%,61,0%,3.28%,96.72%,0%
2016,4,51,Ulster,4%,60,53%,0%,47%,115,8.7%,25,0%,64%,36%,0%,114,1.75%,24.56%,73.68%,0%
2016,4,52,Warren,3%,31,3%,0%,97%,11,18.18%,5,20%,20%,60%,0%,32,6.25%,15.63%,78.13%,0%
2016,4,53,Washington,7%,70,0%,0%,100%,0,0%,3,33.33%,0%,66.67%,0%,42,0%,2.38%,97.62%,0%
2016,4,54,Wayne,4%,26,19%,54%,27%,8,100%,8,0%,25%,75%,0%,44,0%,13.64%,86.36%,0%
2016,4,55,Westchester,20%,419,72%,27%,1%,46,8.7%,101,10.89%,37.62%,51.49%,0%,342,9.94%,39.18%,50.88%,0%
2016,4,56,Wyoming,30%,109,39%,4%,57%,1,100%,4,0%,0%,100%,0%,13,0%,0%,100%,0%
2016,4,57,Yates,23%,30,47%,3%,50%,0,0%,1,0%,0%,100%,0%,5,0%,0%,100%,0%
2016,4,01,Albany,2%,37,41%,0%,59%,25,40%,20,0%,60%,40%,0%,200,2.5%,27%,70.5%,0%
2016,4,02,Allegany,9%,51,6%,0%,94%,3,33.33%,2,0%,0%,100%,0%,41,0%,12.2%,87.8%,0%
2016,4,03,Broome,9%,178,38%,15%,47%,84,54.76%,17,0%,52.94%,47.06%,0%,199,1.01%,13.07%,85.93%,0%
2016,4,04,Cattaraugus,9%,117,17%,0%,83%,0,0%,17,35.29%,35.29%,29.41%,0%,48,7.89%,0%,92.11%,20.83%
2016,4,05,Cayuga,19%,103,17%,15%,68%,29,100%,11,18.18%,36.36%,45.45%,0%,44,9.09%,6.82%,84.09%,0%
2016,4,06,Chautauqua,10%,201,29%,45%,26%,0,0%,17,23.53%,11.76%,64.71%,0%,189,4.76%,13.76%,81.48%,0%
2016,4,07,Chemung,26%,128,47%,0%,53%,73,35.62%,26,11.54%,23.08%,65.38%,0%,93,5.38%,2.15%,92.47%,0%
2016,4,08,Chenango,10%,99,35%,9%,56%,10,100%,8,12.5%,12.5%,75%,0%,32,0%,12.5%,87.5%,0%
2016,4,09,Clinton,9%,48,58%,21%,21%,5,0%,4,0%,25%,75%,0%,62,0%,20.97%,79.03%,0%
2016,4,10,Columbia,3%,15,27%,73%,0%,95,0%,2,0%,0%,100%,0%,33,0%,12.12%,87.88%,0%
2016,4,11,Cortland,9%,25,4%,16%,80%,8,37.5%,10,0%,40%,60%,0%,26,3.85%,23.08%,73.08%,0%
2016,4,12,Delaware,2%,11,36%,0%,64%,14,0%,1,100%,0%,0%,0%,35,2.86%,5.71%,91.43%,0%
2016,4,13,Dutchess,15%,158,50%,0%,50%,26,26.92%,20,0%,45%,55%,0%,95,10.53%,17.89%,71.58%,0%
2016,4,14,Erie,8%,309,24%,42%,34%,1024,6.74%,162,11.11%,27.16%,61.73%,0%,835,14.39%,10.19%,75.42%,0.12%
2016,4,15,Essex,3%,4,25%,0%,75%,12,75%,2,0%,0%,100%,0%,14,14.29%,0%,85.71%,0%
2016,4,16,Franklin,2%,4,25%,0%,75%,9,100%,17,0%,11.76%,88.24%,0%,28,0%,10.71%,89.29%,0%
2016,4,17,Fulton,8%,59,25%,12%,63%,287,14.29%,11,0%,45.45%,54.55%,0%,55,7.27%,7.27%,85.45%,0%
2016,4,18,Genesee,10%,93,44%,2%,54%,1,0%,5,0%,20%,80%,0%,8,0%,25%,75%,0%
2016,4,19,Greene,24%,45,36%,0%,64%,3,0%,6,0%,66.67%,33.33%,0%,33,0%,30.3%,69.7%,0%
2016,4,20,Hamilton,0%,0,0%,0%,0%,0,0%,0,0%,0%,0%,0%,0,0%,0%,0%,0%
2016,4,21,Herkimer,31%,52,25%,0%,75%,1,100%,7,0%,71.43%,28.57%,0%,46,2.17%,8.7%,89.13%,0%
2016,4,22,Jefferson,10%,71,32%,0%,68%,0,0%,5,0%,60%,40%,0%,90,5.56%,8.89%,85.56%,0%
2016,4,23,Lewis,20%,10,0%,10%,90%,0,0%,4,25%,50%,25%,0%,18,11.11%,5.56%,83.33%,0%
2016,4,24,Livingston,0%,2,0%,0%,100%,0,0%,15,0%,20%,80%,0%,41,4.88%,2.44%,92.68%,0%
2016,4,25,Madison,8%,8,0%,0%,100%,1,100%,4,0%,50%,50%,0%,43,4.65%,6.98%,88.37%,0%
2016,4,26,Monroe,8%,1283,55%,1%,44%,149,38.26%,157,3.18%,62.42%,34.39%,0%,916,20.52%,14.3%,65.17%,0%
2016,4,27,Montgomery,3%,37,19%,5%,76%,4,0%,9,0%,66.67%,33.33%,0%,90,0%,3.33%,96.67%,0%
2016,4,28,Nassau,1%,15,27%,0%,73%,0,0%,41,4.88%,29.27%,65.85%,0%,231,15.58%,48.05%,36.36%,0%
2016,4,66,New York City,50%,52447,77%,0%,23%,4399,1%,427,9.84%,70.02%,20.14%,0%,3325,7.25%,78.84%,13.91%,0.09%
2016,4,29,Niagara,3%,153,71%,0%,29%,166,33.73%,34,14.71%,44.12%,41.18%,0%,128,4.69%,9.38%,85.94%,0%
2016,4,30,Oneida,3%,89,29%,0%,71%,97,4.12%,71,7.04%,52.11%,40.85%,0%,218,1.38%,10.55%,88.07%,0%
2016,4,31,Onondaga,2%,53,4%,13%,83%,80,75%,89,14.61%,41.57%,43.82%,0%,495,0%,11.72%,88.28%,0%
2016,4,32,Ontario,15%,196,11%,18%,71%,9,77.78%,7,42.86%,0%,57.14%,0%,86,4.65%,0%,95.35%,0%
2016,4,33,Orange,5%,225,32%,17%,51%,219,15.07%,22,18.18%,18.18%,63.64%,0%,174,6.9%,14.37%,78.74%,0%
2016,4,34,Orleans,22%,49,20%,0%,80%,5,100%,2,0%,50%,50%,0%,27,0%,33.33%,66.67%,0%
2016,4,35,Oswego,3%,14,29%,0%,71%,13,23.08%,11,0%,36.36%,63.64%,0%,74,4.05%,9.46%,86.49%,0%
2016,4,36,Otsego,1%,3,0%,0%,100%,2,100%,3,33.33%,0%,66.67%,0%,21,9.52%,9.52%,80.95%,0%
2016,4,37,Putnam,3%,7,57%,0%,43%,3,0%,2,0%,50%,50%,0%,14,0%,28.57%,71.43%,0%
2016,4,38,Rensselaer,18%,235,15%,0%,85%,6,100%,7,14.29%,71.43%,14.29%,0%,91,13.19%,28.57%,58.24%,0%
2016,4,39,Rockland,2%,24,63%,0%,37%,26,0%,10,0%,40%,60%,0%,38,15.79%,21.05%,63.16%,0%
2016,4,41,Saratoga,4%,85,58%,1%,41%,45,17.78%,7,0%,85.71%,14.29%,0%,71,5.63%,8.45%,85.92%,0%
2016,4,42,Schenectady,18%,252,38%,17%,45%,125,0.8%,43,18.6%,39.53%,41.86%,0%,137,9.49%,14.6%,75.91%,0%
2016,4,43,Schoharie,6%,35,49%,0%,51%,4,0%,2,0%,50%,50%,0%,8,12.5%,0%,87.5%,0%
2016,4,44,Schuyler,30%,33,88%,0%,12%,0,0%,1,0%,100%,0%,0%,12,0%,16.67%,83.33%,0%
2016,4,45,Seneca,2%,13,0%,0%,100%,60,23.33%,4,0%,25%,75%,0%,16,0%,18.75%,81.25%,0%
2016,4,40,St. Lawrence,3%,54,9%,13%,78%,57,54.39%,4,0%,50%,50%,0%,53,3.77%,5.66%,90.57%,0%
2016,4,46,Steuben,33%,215,45%,0%,55%,17,100%,10,20%,20%,60%,0%,56,7.14%,1.79%,91.07%,0%
2016,4,47,Suffolk,7%,331,52%,11%,37%,41,90.24%,141,4.96%,50.35%,44.68%,0%,722,1.94%,44.32%,53.74%,0%
2016,4,48,Sullivan,7%,49,41%,59%,0%,188,0%,4,0%,75%,25%,0%,70,8.57%,22.86%,68.57%,0%
2016,4,49,Tioga,9%,75,56%,44%,0%,0,0%,2,0%,100%,0%,0%,20,5%,5%,90%,0%
2016,4,50,Tompkins,6%,97,26%,0%,74%,4,0%,7,0%,57.14%,42.86%,0%,61,0%,3.28%,96.72%,0%
2016,4,51,Ulster,5%,60,53%,0%,47%,115,8.7%,25,0%,64%,36%,0%,114,1.75%,24.56%,73.68%,0%
2016,4,52,Warren,3%,31,3%,0%,97%,11,18.18%,5,20%,20%,60%,0%,32,6.25%,15.63%,78.13%,0%
2016,4,53,Washington,7%,70,0%,0%,100%,0,0%,3,33.33%,0%,66.67%,0%,42,0%,2.38%,97.62%,0%
2016,4,54,Wayne,4%,26,19%,54%,27%,8,100%,8,0%,25%,75%,0%,44,0%,13.64%,86.36%,0%
2016,4,55,Westchester,25%,419,72%,27%,1%,46,8.7%,101,10.89%,37.62%,51.49%,0%,342,9.94%,39.18%,50.88%,0%
2016,4,56,Wyoming,32%,109,39%,4%,57%,1,100%,4,0%,0%,100%,0%,13,0%,0%,100%,0%
2016,4,57,Yates,24%,30,47%,3%,50%,0,0%,1,0%,0%,100%,0%,5,0%,0%,100%,0%
